customer_id,total_transactions_30d,total_amount_30d,avg_transaction_amount_30d,unique_merchants_30d,weekend_transaction_ratio_30d,international_transaction_ratio_30d,max_transaction_amount_30d,transaction_frequency_score,risk_score,event_time
cust_000001,5,194.84,38.97,3,0.2,0.0,65.77,0.167,0.034,1752372680.483537
cust_000002,6,472.0,78.67,5,0.167,0.167,120.59,0.2,0.19,1752372680.483537
cust_000003,7,498.24,71.18,5,0.143,0.0,136.91,0.233,0.124,1752372680.484541
cust_000004,5,237.1,47.42,5,0.0,0.0,115.95,0.167,0.056,1752372680.484541
cust_000005,2,161.66,80.83,2,0.0,0.0,137.38,0.067,0.219,1752372680.484541
cust_000006,2,180.07,90.04,2,0.5,0.0,98.5,0.067,0.171,1752372680.484541
cust_000007,5,251.41,50.28,4,0.6,0.0,80.07,0.167,0.197,1752372680.486046
cust_000008,5,177.52,35.5,4,0.4,0.2,63.97,0.167,0.194,1752372680.486046
cust_000009,8,1685.85,210.73,5,0.25,0.25,399.42,0.267,0.203,1752372680.487051
cust_000010,5,442.01,88.4,4,0.6,0.0,260.74,0.167,0.164,1752372680.487051
cust_000011,0,0.0,0.0,0,0.0,0.0,0.0,0.0,0.1,1752372680.487051
cust_000012,6,171.22,28.54,6,0.0,0.0,69.63,0.2,0.014,1752372680.488051
cust_000013,4,190.7,47.68,4,0.5,0.0,84.89,0.133,0.115,1752372680.488051
cust_000014,5,165.02,33.0,3,0.4,0.0,49.84,0.167,0.093,1752372680.489051
cust_000015,3,680.87,226.96,3,0.0,0.0,362.05,0.1,0.116,1752372680.489051
cust_000016,0,0.0,0.0,0,0.0,0.0,0.0,0.0,0.1,1752372680.489051
cust_000017,4,269.46,67.36,4,0.0,0.0,126.63,0.133,0.069,1752372680.490055
cust_000018,10,1250.48,125.05,6,0.1,0.0,345.12,0.333,0.168,1752372680.490055
cust_000019,8,354.8,44.35,6,0.25,0.0,112.02,0.267,0.12,1752372680.490055
cust_000020,6,254.41,42.4,5,0.0,0.0,80.37,0.2,0.083,1752372680.491055
cust_000021,5,579.38,115.88,5,0.2,0.2,249.29,0.167,0.11,1752372680.491055
cust_000022,6,902.64,150.44,5,0.167,0.0,362.65,0.2,0.088,1752372680.492055
cust_000023,5,434.43,86.89,4,0.0,0.0,229.89,0.167,0.064,1752372680.492055
cust_000024,9,694.4,77.16,5,0.333,0.0,229.28,0.3,0.194,1752372680.492055
cust_000025,5,417.8,83.56,5,0.2,0.0,188.19,0.167,0.043,1752372680.493055
cust_000026,4,99.63,24.91,3,0.0,0.0,43.46,0.133,0.06,1752372680.493055
cust_000027,7,2989.76,427.11,5,0.286,0.0,1853.29,0.233,0.152,1752372680.494055
cust_000028,4,273.78,68.45,4,0.25,0.0,108.17,0.133,0.144,1752372680.494055
cust_000029,5,186.23,37.25,5,0.2,0.0,84.26,0.167,0.074,1752372680.494055
cust_000030,3,484.01,161.34,3,0.0,0.0,286.81,0.1,0.103,1752372680.495055
cust_000031,4,495.05,123.76,4,0.25,0.0,209.99,0.133,0.105,1752372680.495055
cust_000032,8,532.06,66.51,6,0.25,0.0,198.87,0.267,0.074,1752372680.496055
cust_000033,4,188.85,47.21,3,0.5,0.25,99.28,0.133,0.19,1752372680.496055
cust_000034,9,373.45,41.49,5,0.222,0.0,163.3,0.3,0.109,1752372680.496559
cust_000035,3,90.92,30.31,2,0.0,0.0,45.99,0.1,0.077,1752372680.496559
cust_000036,3,267.18,89.06,3,0.667,0.0,133.52,0.1,0.088,1752372680.497563
cust_000037,2,151.05,75.52,2,0.5,0.0,123.24,0.067,0.068,1752372680.497563
cust_000038,3,340.4,113.47,3,0.333,0.0,179.78,0.1,0.06,1752372680.497563
cust_000039,7,489.09,69.87,6,0.571,0.0,179.4,0.233,0.166,1752372680.498563
cust_000040,3,491.43,163.81,3,0.333,0.0,353.73,0.1,0.203,1752372680.498563
cust_000041,8,1245.59,155.7,6,0.125,0.0,556.0,0.267,0.079,1752372680.498563
cust_000042,6,213.31,35.55,5,0.167,0.167,62.91,0.2,0.148,1752372680.498563
cust_000043,10,476.46,47.65,7,0.2,0.0,107.15,0.333,0.083,1752372680.500067
cust_000044,8,403.05,50.38,6,0.125,0.0,105.79,0.267,0.108,1752372680.500067
cust_000045,7,674.62,96.37,5,0.429,0.0,275.13,0.233,0.1,1752372680.501073
cust_000046,8,265.78,33.22,6,0.375,0.0,54.31,0.267,0.08,1752372680.501073
cust_000047,5,606.15,121.23,4,0.2,0.0,249.34,0.167,0.171,1752372680.502073
cust_000048,3,257.45,85.82,3,0.0,0.0,134.77,0.1,0.021,1752372680.502073
cust_000049,5,147.74,29.55,5,0.0,0.0,44.72,0.167,0.053,1752372680.502073
cust_000050,3,177.33,59.11,3,0.667,0.0,80.26,0.1,0.082,1752372680.503072
cust_000051,9,332.01,36.89,7,0.444,0.0,108.11,0.3,0.153,1752372680.503072
cust_000052,4,234.34,58.58,4,0.0,0.0,115.08,0.133,0.067,1752372680.504073
cust_000053,3,44.36,14.79,3,0.0,0.0,26.04,0.1,0.007,1752372680.504073
cust_000054,4,291.61,72.9,4,0.75,0.0,147.97,0.133,0.095,1752372680.504073
cust_000055,3,74.14,24.71,3,0.333,0.0,33.81,0.1,0.109,1752372680.505073
cust_000056,5,138.3,27.66,4,0.2,0.0,60.13,0.167,0.152,1752372680.505073
cust_000057,2,100.69,50.34,2,0.0,0.0,71.38,0.067,0.213,1752372680.505073
cust_000058,3,205.8,68.6,3,0.333,0.0,104.66,0.1,0.118,1752372680.506073
cust_000059,6,595.47,99.24,6,0.5,0.0,258.49,0.2,0.145,1752372680.506576
cust_000060,2,56.33,28.16,2,0.0,0.5,46.32,0.067,0.258,1752372680.506576
cust_000061,5,182.69,36.54,3,0.4,0.0,48.74,0.167,0.094,1752372680.507582
cust_000062,6,191.59,31.93,5,0.167,0.0,58.99,0.2,0.064,1752372680.507582
cust_000063,5,276.42,55.28,4,0.2,0.0,126.09,0.167,0.158,1752372680.507582
cust_000064,6,229.06,38.18,4,0.5,0.0,68.1,0.2,0.132,1752372680.508582
cust_000065,2,99.33,49.67,2,0.5,0.0,52.45,0.067,0.263,1752372680.508582
cust_000066,5,686.12,137.22,3,0.2,0.4,403.96,0.167,0.214,1752372680.508582
cust_000067,6,248.44,41.41,5,0.333,0.0,73.52,0.2,0.183,1752372680.508582
cust_000068,8,278.06,34.76,5,0.25,0.0,57.08,0.267,0.093,1752372680.510086
cust_000069,7,399.76,57.11,6,0.286,0.143,104.85,0.233,0.149,1752372680.510086
cust_000070,4,285.55,71.39,4,0.25,0.0,101.51,0.133,0.045,1752372680.511092
cust_000071,4,154.41,38.6,3,0.5,0.0,52.57,0.133,0.213,1752372680.511092
cust_000072,1,56.59,56.59,1,0.0,0.0,56.59,0.033,0.013,1752372680.511092
cust_000073,4,148.35,37.09,4,0.0,0.0,47.63,0.133,0.013,1752372680.512092
cust_000074,2,43.11,21.56,2,0.5,0.0,29.64,0.067,0.057,1752372680.512092
cust_000075,7,259.55,37.08,5,0.429,0.0,111.42,0.233,0.06,1752372680.513092
cust_000076,4,119.11,29.78,4,0.0,0.0,57.01,0.133,0.111,1752372680.513092
cust_000077,7,1334.02,190.57,6,0.286,0.0,754.71,0.233,0.105,1752372680.513092
cust_000078,5,230.8,46.16,5,0.2,0.0,75.18,0.167,0.036,1752372680.514092
cust_000079,7,247.23,35.32,7,0.286,0.0,49.6,0.233,0.074,1752372680.514092
cust_000080,7,567.44,81.06,5,0.286,0.0,262.5,0.233,0.168,1752372680.515092
cust_000081,11,708.22,64.38,8,0.364,0.0,178.64,0.367,0.118,1752372680.515092
cust_000082,7,340.61,48.66,5,0.571,0.0,104.09,0.233,0.105,1752372680.515092
cust_000083,8,757.88,94.74,5,0.375,0.0,292.86,0.267,0.117,1752372680.516598
cust_000084,1,8.51,8.51,1,0.0,0.0,8.51,0.033,0.203,1752372680.516598
cust_000085,6,632.86,105.48,5,0.167,0.0,335.76,0.2,0.079,1752372680.516598
cust_000086,6,869.14,144.86,4,0.167,0.0,545.72,0.2,0.054,1752372680.517603
cust_000087,4,189.36,47.34,4,0.5,0.0,114.24,0.133,0.165,1752372680.517603
cust_000088,4,156.61,39.15,3,0.25,0.0,45.06,0.133,0.088,1752372680.518603
cust_000089,6,241.84,40.31,6,0.167,0.167,65.38,0.2,0.116,1752372680.518603
cust_000090,6,886.48,147.75,5,0.167,0.0,351.68,0.2,0.088,1752372680.518603
cust_000091,2,183.59,91.8,2,0.5,0.0,159.75,0.067,0.171,1752372680.520108
cust_000092,4,369.38,92.34,3,0.5,0.0,247.64,0.133,0.124,1752372680.520108
cust_000093,4,138.03,34.51,4,0.0,0.0,85.06,0.133,0.012,1752372680.520108
cust_000094,4,148.2,37.05,3,0.25,0.0,74.97,0.133,0.088,1752372680.521114
cust_000095,3,158.5,52.83,3,0.333,0.0,67.11,0.1,0.048,1752372680.521114
cust_000096,11,400.42,36.4,8,0.364,0.0,88.23,0.367,0.149,1752372680.522114
cust_000097,6,368.37,61.39,6,0.333,0.0,206.15,0.2,0.154,1752372680.522114
cust_000098,6,305.5,50.92,4,0.167,0.0,99.07,0.2,0.068,1752372680.522114
cust_000099,8,311.88,38.98,5,0.25,0.0,99.58,0.267,0.143,1752372680.523116
cust_000100,2,110.9,55.45,2,0.0,0.0,62.97,0.067,0.014,1752372680.523116
cust_000101,3,65.76,21.92,3,0.667,0.0,38.93,0.1,0.142,1752372680.524115
cust_000102,4,166.63,41.66,3,0.25,0.0,115.07,0.133,0.039,1752372680.524115
cust_000103,4,144.33,36.08,2,0.25,0.0,55.1,0.133,0.038,1752372680.524115
cust_000104,6,613.68,102.28,3,0.167,0.0,263.28,0.2,0.045,1752372680.525114
cust_000105,2,66.78,33.39,2,0.0,0.0,33.9,0.067,0.109,1752372680.525114
cust_000106,4,447.2,111.8,4,0.5,0.0,240.6,0.133,0.128,1752372680.526114
cust_000107,8,588.47,73.56,6,0.25,0.0,154.81,0.267,0.075,1752372680.526618
cust_000108,6,1357.49,226.25,5,0.5,0.167,714.85,0.2,0.22,1752372680.526618
cust_000109,4,96.41,24.1,3,0.0,0.0,29.6,0.133,0.06,1752372680.526618
cust_000110,7,314.21,44.89,6,0.143,0.0,143.16,0.233,0.175,1752372680.527623
cust_000111,9,268.56,29.84,7,0.333,0.0,73.61,0.3,0.118,1752372680.527623
cust_000112,3,582.8,194.27,2,0.667,0.0,494.64,0.1,0.176,1752372680.527623
cust_000113,3,94.66,31.55,2,0.667,0.0,36.7,0.1,0.21,1752372680.528623
cust_000114,8,525.51,65.69,7,0.125,0.0,153.47,0.267,0.086,1752372680.528623
cust_000115,5,292.45,58.49,4,0.0,0.0,135.68,0.167,0.058,1752372680.528623
cust_000116,6,163.33,27.22,5,0.0,0.0,44.36,0.2,0.047,1752372680.530126
cust_000117,3,320.89,106.96,3,0.333,0.0,180.66,0.1,0.059,1752372680.530126
cust_000118,6,555.56,92.59,4,0.333,0.0,140.2,0.2,0.127,1752372680.530126
cust_000119,3,284.33,94.78,3,0.333,0.0,136.84,0.1,0.056,1752372680.531133
cust_000120,4,117.25,29.31,4,0.0,0.0,52.96,0.133,0.161,1752372680.531133
cust_000121,3,233.28,77.76,3,0.0,0.0,147.78,0.1,0.153,1752372680.532133
cust_000122,5,414.04,82.81,4,0.0,0.0,234.15,0.167,0.103,1752372680.532133
cust_000123,5,317.48,63.5,5,0.6,0.2,104.73,0.167,0.219,1752372680.532133
cust_000124,3,236.54,78.85,3,0.333,0.0,145.74,0.1,0.053,1752372680.533133
cust_000125,5,372.76,74.55,4,0.0,0.2,126.53,0.167,0.082,1752372680.533133
cust_000126,9,1004.81,111.65,6,0.111,0.0,322.4,0.3,0.112,1752372680.534133
cust_000127,4,131.73,32.93,3,0.25,0.0,45.84,0.133,0.087,1752372680.534133
cust_000128,4,361.26,90.32,3,0.0,0.0,219.55,0.133,0.123,1752372680.534133
cust_000129,2,43.28,21.64,2,0.0,0.0,35.15,0.067,0.007,1752372680.535133
cust_000130,11,3114.53,283.14,8,0.364,0.0,1307.79,0.367,0.162,1752372680.535133
cust_000131,5,429.42,85.88,4,0.0,0.0,96.87,0.167,0.064,1752372680.536133
cust_000132,2,81.64,40.82,2,0.0,0.5,42.24,0.067,0.161,1752372680.536133
cust_000133,8,283.37,35.42,5,0.5,0.0,56.73,0.267,0.143,1752372680.536637
cust_000134,2,131.5,65.75,1,0.5,0.0,81.6,0.067,0.166,1752372680.536637
cust_000135,5,149.63,29.93,4,0.2,0.0,43.0,0.167,0.113,1752372680.537641
cust_000136,7,492.25,70.32,5,0.429,0.0,160.38,0.233,0.123,1752372680.537641
cust_000137,6,458.02,76.34,4,0.333,0.0,151.83,0.2,0.157,1752372680.537641
cust_000138,4,195.73,48.93,3,0.0,0.0,76.93,0.133,0.115,1752372680.538641
cust_000139,2,78.54,39.27,2,0.0,0.0,42.85,0.067,0.011,1752372680.538641
cust_000140,9,447.23,49.69,6,0.333,0.111,193.19,0.3,0.155,1752372680.538641
cust_000141,9,522.85,58.09,7,0.0,0.0,107.86,0.3,0.113,1752372680.538641
cust_000142,3,224.98,74.99,2,0.667,0.0,107.85,0.1,0.086,1752372680.540145
cust_000143,4,562.12,140.53,4,0.75,0.25,301.52,0.133,0.183,1752372680.540145
cust_000144,4,187.08,46.77,3,0.5,0.0,77.11,0.133,0.165,1752372680.541152
cust_000145,7,580.07,82.87,5,0.429,0.143,192.62,0.233,0.112,1752372680.541152
cust_000146,2,272.19,136.1,2,0.5,0.0,203.16,0.067,0.08,1752372680.541152
cust_000147,3,507.25,169.08,3,0.667,0.0,438.66,0.1,0.171,1752372680.542152
cust_000148,3,111.53,37.18,3,0.333,0.0,57.21,0.1,0.111,1752372680.542152
cust_000149,8,647.27,80.91,6,0.25,0.0,210.48,0.267,0.077,1752372680.543151
cust_000150,3,129.62,43.21,3,0.0,0.0,53.87,0.1,0.013,1752372680.543151
cust_000151,7,274.95,39.28,4,0.429,0.0,50.81,0.233,0.146,1752372680.543151
cust_000152,11,771.07,70.1,5,0.182,0.0,157.14,0.367,0.083,1752372680.544151
cust_000153,6,285.38,47.56,4,0.167,0.0,83.01,0.2,0.101,1752372680.544151
cust_000154,8,410.12,51.26,6,0.25,0.0,129.51,0.267,0.096,1752372680.544151
cust_000155,5,217.21,43.44,5,0.0,0.0,81.7,0.167,0.055,1752372680.545151
cust_000156,6,652.39,108.73,5,0.5,0.167,175.59,0.2,0.196,1752372680.545151
cust_000157,6,207.48,34.58,4,0.167,0.167,78.13,0.2,0.115,1752372680.546151
cust_000158,7,590.16,84.31,6,0.286,0.0,129.47,0.233,0.083,1752372680.546655
cust_000159,7,825.75,117.96,7,1.0,0.0,418.97,0.233,0.161,1752372680.546655
cust_000160,5,557.49,111.5,3,0.2,0.0,188.57,0.167,0.089,1752372680.546655
cust_000161,7,410.23,58.6,6,0.143,0.0,102.35,0.233,0.121,1752372680.547659
cust_000162,7,414.93,59.28,6,0.429,0.0,84.49,0.233,0.178,1752372680.547659
cust_000163,5,198.42,39.68,4,0.2,0.0,73.66,0.167,0.035,1752372680.548659
cust_000164,5,141.01,28.2,4,0.2,0.0,44.07,0.167,0.072,1752372680.548659
cust_000165,4,335.36,83.84,2,0.25,0.0,117.77,0.133,0.047,1752372680.548659
cust_000166,6,412.35,68.72,6,0.333,0.0,136.6,0.2,0.088,1752372680.548659
cust_000167,5,141.69,28.34,5,0.4,0.0,65.55,0.167,0.132,1752372680.550163
cust_000168,7,567.32,81.05,4,0.286,0.0,169.1,0.233,0.14,1752372680.550163
cust_000169,4,324.53,81.13,3,0.0,0.0,140.97,0.133,0.022,1752372680.550163
cust_000170,5,387.83,77.57,4,0.4,0.0,139.82,0.167,0.142,1752372680.551169
cust_000171,3,387.71,129.24,2,0.667,0.0,285.8,0.1,0.163,1752372680.551169
cust_000172,2,91.08,45.54,2,0.5,0.0,55.47,0.067,0.162,1752372680.552169
cust_000173,4,356.29,89.07,4,0.5,0.0,188.42,0.133,0.073,1752372680.552169
cust_000174,3,137.04,45.68,3,0.0,0.0,103.69,0.1,0.013,1752372680.552169
cust_000175,9,843.55,93.73,7,0.222,0.111,167.15,0.3,0.109,1752372680.553169
cust_000176,4,608.13,152.03,3,0.5,0.0,257.26,0.133,0.186,1752372680.553169
cust_000177,3,172.66,57.55,3,0.333,0.0,78.45,0.1,0.049,1752372680.55417
cust_000178,4,355.63,88.91,3,0.25,0.0,190.62,0.133,0.098,1752372680.55417
cust_000179,3,147.7,49.23,3,0.0,0.0,94.63,0.1,0.014,1752372680.55417
cust_000180,7,1351.55,193.08,6,0.143,0.143,395.58,0.233,0.162,1752372680.555169
cust_000181,10,427.44,42.74,8,0.2,0.0,89.22,0.333,0.102,1752372680.555169
cust_000182,11,666.41,60.58,6,0.273,0.0,119.8,0.367,0.145,1752372680.555169
cust_000183,6,967.85,161.31,5,0.167,0.333,703.31,0.2,0.224,1752372680.556169
cust_000184,1,60.28,60.28,1,0.0,0.0,60.28,0.033,0.013,1752372680.556673
cust_000185,7,598.14,85.45,6,0.286,0.0,190.05,0.233,0.055,1752372680.556673
cust_000186,7,331.79,47.4,6,0.286,0.143,114.01,0.233,0.119,1752372680.557677
cust_000187,7,390.42,55.77,6,0.286,0.0,111.88,0.233,0.135,1752372680.557677
cust_000188,2,479.29,239.64,2,0.5,0.0,354.85,0.067,0.101,1752372680.557677
cust_000189,7,365.93,52.28,5,0.286,0.143,159.02,0.233,0.206,1752372680.558677
cust_000190,4,168.32,42.08,4,0.25,0.0,100.45,0.133,0.089,1752372680.558677
cust_000191,8,290.29,36.29,6,0.25,0.125,62.49,0.267,0.13,1752372680.558677
cust_000192,7,308.74,44.11,6,0.143,0.0,74.87,0.233,0.032,1752372680.558677
cust_000193,4,133.27,33.32,2,0.5,0.0,73.07,0.133,0.062,1752372680.560181
cust_000194,4,165.56,41.39,4,0.5,0.0,55.33,0.133,0.164,1752372680.560181
cust_000195,7,281.74,40.25,5,0.0,0.0,58.77,0.233,0.075,1752372680.561187
cust_000196,2,169.82,84.91,2,0.0,0.0,123.08,0.067,0.02,1752372680.561187
cust_000197,3,59.42,19.81,3,0.333,0.333,28.46,0.1,0.208,1752372680.561187
cust_000198,5,337.55,67.51,4,0.2,0.0,125.72,0.167,0.08,1752372680.562187
cust_000199,3,854.44,284.81,3,0.0,0.333,711.24,0.1,0.228,1752372680.562691
cust_000200,2,77.83,38.92,2,0.0,0.0,54.24,0.067,0.11,1752372680.562691
cust_000201,6,255.84,42.64,5,0.167,0.167,104.75,0.2,0.15,1752372680.562691
cust_000202,4,251.03,62.76,3,0.0,0.0,145.28,0.133,0.118,1752372680.563695
cust_000203,5,249.56,49.91,4,0.6,0.0,108.07,0.167,0.157,1752372680.563695
cust_000204,12,507.9,42.32,6,0.25,0.0,138.78,0.4,0.083,1752372680.564695
cust_000205,8,765.85,95.73,6,0.25,0.125,178.76,0.267,0.142,1752372680.564695
cust_000206,4,155.39,38.85,3,0.75,0.0,78.22,0.133,0.238,1752372680.564695
cust_000207,3,49.67,16.56,3,0.333,0.0,18.1,0.1,0.107,1752372680.564695
cust_000208,8,430.16,53.77,6,0.125,0.0,95.85,0.267,0.084,1752372680.566199
cust_000209,6,212.38,35.4,5,0.167,0.0,65.02,0.2,0.098,1752372680.566199
cust_000210,2,114.74,57.37,2,1.0,0.0,83.82,0.067,0.114,1752372680.566199
cust_000211,9,261.89,29.1,6,0.333,0.111,54.14,0.3,0.129,1752372680.567204
cust_000212,6,1025.56,170.93,6,0.333,0.0,280.18,0.2,0.076,1752372680.567204
cust_000213,3,333.72,111.24,2,0.333,0.0,268.46,0.1,0.126,1752372680.568204
cust_000214,3,99.11,33.04,3,0.0,0.0,63.5,0.1,0.011,1752372680.568204
cust_000215,7,335.58,47.94,5,0.286,0.0,74.48,0.233,0.076,1752372680.568204
cust_000216,9,735.86,81.76,6,0.222,0.0,276.24,0.3,0.095,1752372680.569204
cust_000217,5,599.93,119.99,4,0.2,0.0,344.31,0.167,0.131,1752372680.569204
cust_000218,2,103.27,51.64,2,0.0,0.0,89.36,0.067,0.013,1752372680.570204
cust_000219,3,211.92,70.64,3,0.333,0.333,126.15,0.1,0.151,1752372680.570204
cust_000220,2,55.73,27.86,1,0.0,0.0,35.07,0.067,0.008,1752372680.570204
cust_000221,1,20.63,20.63,1,0.0,0.0,20.63,0.033,0.005,1752372680.571208
cust_000222,6,167.07,27.84,4,0.333,0.167,40.22,0.2,0.13,1752372680.571208
cust_000223,1,37.2,37.2,1,0.0,1.0,37.2,0.033,0.309,1752372680.572208
cust_000224,4,73.43,18.36,3,0.25,0.25,29.49,0.133,0.159,1752372680.572208
cust_000225,2,108.71,54.36,2,0.0,0.0,64.81,0.067,0.114,1752372680.572208
cust_000226,6,387.0,64.5,6,0.333,0.0,99.53,0.2,0.154,1752372680.573208
cust_000227,6,403.09,67.18,6,0.333,0.0,164.01,0.2,0.155,1752372680.573208
cust_000228,11,1472.43,133.86,7,0.273,0.091,291.6,0.367,0.151,1752372680.574208
cust_000229,3,247.74,82.58,3,0.0,0.0,113.9,0.1,0.087,1752372680.574208
cust_000230,8,777.0,97.12,7,0.125,0.0,260.06,0.267,0.093,1752372680.574208
cust_000231,6,220.5,36.75,4,0.167,0.167,74.52,0.2,0.082,1752372680.574208
cust_000232,3,76.89,25.63,3,0.333,0.0,51.61,0.1,0.109,1752372680.575712
cust_000233,4,291.33,72.83,3,0.75,0.0,121.32,0.133,0.145,1752372680.575712
cust_000234,8,739.37,92.42,6,0.375,0.125,149.64,0.267,0.154,1752372680.575712
cust_000235,2,55.43,27.72,2,0.0,0.0,39.74,0.067,0.108,1752372680.576718
cust_000236,6,189.86,31.64,6,0.333,0.0,43.58,0.2,0.148,1752372680.576718
cust_000237,0,0.0,0.0,0,0.0,0.0,0.0,0.0,0.1,1752372680.576718
cust_000238,3,183.95,61.32,2,0.333,0.0,83.14,0.1,0.116,1752372680.577717
cust_000239,2,72.6,36.3,2,0.5,0.0,43.42,0.067,0.06,1752372680.577717
cust_000240,4,503.5,125.88,3,0.5,0.0,196.98,0.133,0.131,1752372680.578718
cust_000241,5,137.4,27.48,3,0.2,0.0,34.6,0.167,0.112,1752372680.578718
cust_000242,6,275.97,46.0,4,0.333,0.0,75.35,0.2,0.117,1752372680.578718
cust_000243,6,190.3,31.72,5,0.333,0.0,61.19,0.2,0.114,1752372680.578718
cust_000244,7,533.24,76.18,4,0.0,0.143,177.53,0.233,0.182,1752372680.580221
cust_000245,6,529.85,88.31,4,0.667,0.0,203.33,0.2,0.159,1752372680.580221
cust_000246,2,185.88,92.94,2,1.0,0.0,145.01,0.067,0.121,1752372680.580221
cust_000247,4,397.69,99.42,3,0.0,0.0,175.79,0.133,0.025,1752372680.581227
cust_000248,3,720.14,240.05,2,0.333,0.0,477.22,0.1,0.085,1752372680.581227
cust_000249,7,507.71,72.53,6,0.429,0.571,166.56,0.233,0.267,1752372680.582227
cust_000250,4,200.92,50.23,4,0.5,0.0,71.33,0.133,0.165,1752372680.582227
cust_000251,7,1342.66,191.81,7,0.571,0.286,481.42,0.233,0.191,1752372680.582227
cust_000252,9,347.04,38.56,6,0.111,0.0,93.32,0.3,0.142,1752372680.583227
cust_000253,8,585.98,73.25,5,0.25,0.0,222.44,0.267,0.075,1752372680.583227
cust_000254,3,152.84,50.95,3,0.0,0.0,77.55,0.1,0.081,1752372680.584227
cust_000255,10,751.58,75.16,6,0.2,0.0,166.82,0.333,0.108,1752372680.584227
cust_000256,8,188.76,23.6,7,0.125,0.0,52.49,0.267,0.053,1752372680.584227
cust_000257,2,1010.79,505.4,2,0.5,0.0,645.13,0.067,0.154,1752372680.584227
cust_000258,5,216.14,43.23,3,0.4,0.0,56.49,0.167,0.095,1752372680.58573
cust_000259,4,360.22,90.06,3,0.25,0.25,122.91,0.133,0.223,1752372680.58573
cust_000260,4,172.74,43.18,3,0.25,0.0,63.82,0.133,0.039,1752372680.58573
cust_000261,2,64.95,32.48,2,0.0,0.0,49.68,0.067,0.009,1752372680.586736
cust_000262,7,408.67,58.38,5,0.714,0.0,150.44,0.233,0.207,1752372680.586736
cust_000263,1,106.24,106.24,1,1.0,0.0,106.24,0.033,0.123,1752372680.587736
cust_000264,5,142.69,28.54,5,0.0,0.0,66.57,0.167,0.012,1752372680.587736
cust_000265,4,98.65,24.66,4,0.5,0.0,30.91,0.133,0.11,1752372680.587736
cust_000266,6,259.6,43.27,5,0.333,0.0,89.67,0.2,0.117,1752372680.588736
cust_000267,3,294.54,98.18,3,0.667,0.0,159.76,0.1,0.157,1752372680.588736
cust_000268,5,226.78,45.36,4,0.6,0.0,84.76,0.167,0.156,1752372680.588736
cust_000269,2,81.6,40.8,2,0.0,0.0,58.11,0.067,0.111,1752372680.588736
cust_000270,4,857.73,214.43,3,0.5,0.0,680.52,0.133,0.198,1752372680.59024
cust_000271,5,192.68,38.54,4,0.2,0.2,80.97,0.167,0.174,1752372680.59024
cust_000272,5,135.04,27.01,4,0.2,0.0,62.01,0.167,0.032,1752372680.591246
cust_000273,2,177.75,88.88,1,0.0,1.0,97.54,0.067,0.42,1752372680.591246
cust_000274,4,377.71,94.43,2,0.25,0.0,162.08,0.133,0.049,1752372680.591246
cust_000275,3,285.85,95.28,3,0.333,0.0,128.97,0.1,0.123,1752372680.592246
cust_000276,8,402.46,50.31,6,0.125,0.0,111.67,0.267,0.083,1752372680.592246
cust_000277,3,268.09,89.36,3,0.333,0.0,114.46,0.1,0.055,1752372680.592246
cust_000278,5,489.15,97.83,5,0.2,0.0,256.17,0.167,0.126,1752372680.593246
cust_000279,8,325.27,40.66,6,0.125,0.0,78.87,0.267,0.106,1752372680.593246
cust_000280,8,505.26,63.16,4,0.25,0.125,112.98,0.267,0.111,1752372680.594246
cust_000281,3,105.12,35.04,3,0.333,0.0,38.49,0.1,0.044,1752372680.594246
cust_000282,7,248.83,35.55,5,0.286,0.0,71.55,0.233,0.074,1752372680.594246
cust_000283,10,504.44,50.44,7,0.1,0.1,120.64,0.333,0.123,1752372680.594246
cust_000284,9,847.35,94.15,7,0.333,0.111,234.21,0.3,0.097,1752372680.595749
cust_000285,4,399.5,99.88,3,0.5,0.0,266.26,0.133,0.075,1752372680.595749
cust_000286,10,398.04,39.8,8,0.5,0.0,60.68,0.333,0.151,1752372680.596755
cust_000287,5,298.04,59.61,3,0.2,0.0,173.32,0.167,0.079,1752372680.596755
cust_000288,5,209.02,41.8,5,0.0,0.0,79.37,0.167,0.055,1752372680.596755
cust_000289,7,343.17,49.02,6,0.286,0.0,108.05,0.233,0.048,1752372680.597754
cust_000290,5,533.21,106.64,5,0.2,0.0,370.67,0.167,0.128,1752372680.597754
cust_000291,2,100.28,50.14,2,0.5,0.0,67.6,0.067,0.163,1752372680.598754
cust_000292,9,574.25,63.81,6,0.444,0.111,146.81,0.3,0.147,1752372680.598754
cust_000293,2,40.52,20.26,2,0.0,0.0,24.82,0.067,0.007,1752372680.598754
cust_000294,6,362.55,60.42,4,0.333,0.0,158.63,0.2,0.153,1752372680.598754
cust_000295,5,218.39,43.68,4,0.2,0.0,111.64,0.167,0.115,1752372680.600257
cust_000296,4,119.12,29.78,4,0.25,0.0,71.17,0.133,0.136,1752372680.600257
cust_000297,5,569.11,113.82,5,0.2,0.2,229.7,0.167,0.149,1752372680.600257
cust_000298,6,307.17,51.19,5,0.167,0.0,117.68,0.2,0.068,1752372680.601264
cust_000299,5,661.05,132.21,3,0.8,0.0,263.95,0.167,0.153,1752372680.601264
cust_000300,2,71.31,35.66,2,0.5,0.0,48.56,0.067,0.06,1752372680.602264
cust_000301,9,1436.12,159.57,6,0.111,0.111,336.11,0.3,0.088,1752372680.602264
cust_000302,7,885.83,126.55,5,0.286,0.0,394.39,0.233,0.092,1752372680.602264
cust_000303,9,289.23,32.14,7,0.222,0.0,58.26,0.3,0.107,1752372680.603264
cust_000304,4,62.75,15.69,4,0.0,0.5,23.29,0.133,0.258,1752372680.603264
cust_000305,3,318.31,106.1,3,0.333,0.0,184.9,0.1,0.059,1752372680.603264
cust_000306,4,160.74,40.18,4,0.25,0.25,62.65,0.133,0.163,1752372680.604264
cust_000307,1,13.88,13.88,1,1.0,0.0,13.88,0.033,0.104,1752372680.604264
cust_000308,5,158.51,31.7,4,0.0,0.0,85.99,0.167,0.053,1752372680.604264
cust_000309,7,413.25,59.04,4,0.286,0.0,211.58,0.233,0.107,1752372680.605767
cust_000310,7,879.45,125.64,4,0.143,0.0,523.79,0.233,0.077,1752372680.605767
cust_000311,6,266.79,44.46,6,0.5,0.0,83.12,0.2,0.1,1752372680.605767
cust_000312,1,176.48,176.48,1,0.0,0.0,176.48,0.033,0.237,1752372680.606772
cust_000313,5,243.76,48.75,4,0.2,0.0,73.89,0.167,0.116,1752372680.606772
cust_000314,4,171.45,42.86,4,0.25,0.0,73.35,0.133,0.089,1752372680.607772
cust_000315,2,146.05,73.03,1,1.0,0.0,125.58,0.067,0.217,1752372680.607772
cust_000316,4,539.18,134.79,3,0.0,0.0,365.01,0.133,0.132,1752372680.607772
cust_000317,4,170.84,42.71,4,0.0,0.25,79.24,0.133,0.089,1752372680.608772
cust_000318,4,125.0,31.25,4,0.25,0.0,42.21,0.133,0.037,1752372680.608772
cust_000319,7,470.48,67.21,4,0.286,0.0,125.79,0.233,0.108,1752372680.608772
cust_000320,8,582.57,72.82,5,0.25,0.0,140.26,0.267,0.075,1752372680.608772
cust_000321,5,250.52,50.1,4,0.4,0.0,129.05,0.167,0.137,1752372680.610276
cust_000322,10,777.39,77.74,6,0.2,0.1,160.38,0.333,0.099,1752372680.610276
cust_000323,7,829.52,118.5,4,0.286,0.0,354.61,0.233,0.09,1752372680.611282
cust_000324,6,916.23,152.71,5,0.167,0.167,277.74,0.2,0.205,1752372680.611282
cust_000325,3,150.7,50.23,3,0.333,0.0,83.37,0.1,0.047,1752372680.611282
cust_000326,5,364.88,72.98,5,0.2,0.0,180.13,0.167,0.081,1752372680.612282
cust_000327,5,440.38,88.08,4,0.0,0.0,193.11,0.167,0.104,1752372680.612282
cust_000328,3,88.19,29.4,3,0.0,0.0,37.48,0.1,0.01,1752372680.612282
cust_000329,4,474.53,118.63,3,0.5,0.0,323.81,0.133,0.179,1752372680.613282
cust_000330,4,100.0,25.0,4,0.0,0.0,42.84,0.133,0.21,1752372680.613282
cust_000331,7,164.79,23.54,4,0.143,0.0,43.79,0.233,0.114,1752372680.614282
cust_000332,2,49.75,24.88,1,0.0,0.0,36.83,0.067,0.108,1752372680.614282
cust_000333,6,431.46,71.91,4,0.667,0.0,147.11,0.2,0.122,1752372680.614282
cust_000334,5,103.17,20.63,4,0.0,0.0,45.56,0.167,0.011,1752372680.614282
cust_000335,4,188.6,47.15,2,0.25,0.0,76.45,0.133,0.04,1752372680.615786
cust_000336,3,145.42,48.47,3,0.0,0.0,62.1,0.1,0.08,1752372680.615786
cust_000337,6,147.24,24.54,4,0.333,0.0,31.69,0.2,0.146,1752372680.615786
cust_000338,4,212.41,53.1,3,0.5,0.0,103.44,0.133,0.116,1752372680.61679
cust_000339,6,850.02,141.67,5,0.167,0.167,338.46,0.2,0.203,1752372680.61679
cust_000340,8,509.0,63.62,5,0.25,0.0,117.46,0.267,0.073,1752372680.61779
cust_000341,5,277.44,55.49,5,0.0,0.0,153.02,0.167,0.018,1752372680.61779
cust_000342,5,389.75,77.95,5,0.6,0.0,132.95,0.167,0.082,1752372680.61779
cust_000343,3,71.96,23.99,2,0.333,0.0,48.36,0.1,0.109,1752372680.61879
cust_000344,6,211.96,35.33,6,0.333,0.0,65.2,0.2,0.048,1752372680.61879
cust_000345,3,110.19,36.73,2,0.333,0.0,45.18,0.1,0.045,1752372680.61879
cust_000346,15,964.45,64.3,8,0.333,0.0,185.99,0.5,0.106,1752372680.61879
cust_000347,4,169.03,42.26,4,0.25,0.0,58.57,0.133,0.039,1752372680.620294
cust_000348,2,143.71,71.86,2,0.5,0.0,79.75,0.067,0.067,1752372680.620294
cust_000349,6,320.54,53.42,4,0.167,0.0,70.7,0.2,0.135,1752372680.6213
cust_000350,3,187.85,62.62,3,0.333,0.0,68.48,0.1,0.117,1752372680.6213
cust_000351,6,504.09,84.02,3,0.0,0.0,189.25,0.2,0.025,1752372680.6213
cust_000352,8,623.18,77.9,5,0.25,0.0,148.24,0.267,0.076,1752372680.6223
cust_000353,4,421.05,105.26,4,0.5,0.0,137.65,0.133,0.126,1752372680.6223
cust_000354,4,358.62,89.66,4,0.0,0.0,276.42,0.133,0.123,1752372680.6233
cust_000355,8,476.82,59.6,6,0.375,0.125,125.64,0.267,0.123,1752372680.6233
cust_000356,5,213.13,42.63,5,0.6,0.0,86.3,0.167,0.115,1752372680.6233
cust_000357,2,53.42,26.71,2,0.0,0.0,32.56,0.067,0.008,1752372680.6243
cust_000358,4,221.65,55.41,4,0.25,0.0,121.27,0.133,0.091,1752372680.6243
cust_000359,5,346.78,69.36,4,0.0,0.0,110.32,0.167,0.021,1752372680.6243
cust_000360,2,373.29,186.64,2,0.5,0.0,330.85,0.067,0.19,1752372680.6243
cust_000361,8,709.74,88.72,6,0.5,0.0,135.16,0.267,0.128,1752372680.625803
cust_000362,3,40.32,13.44,3,0.333,0.0,20.94,0.1,0.04,1752372680.625803
cust_000363,9,586.79,65.2,8,0.222,0.111,184.56,0.3,0.103,1752372680.625803
cust_000364,4,377.84,94.46,3,0.5,0.0,261.65,0.133,0.074,1752372680.626808
cust_000365,2,37.14,18.57,2,0.5,0.0,24.5,0.067,0.156,1752372680.626808
cust_000366,4,261.51,65.38,3,0.25,0.25,105.39,0.133,0.268,1752372680.627808
cust_000367,2,119.63,59.82,2,0.0,0.0,75.5,0.067,0.115,1752372680.627808
cust_000368,5,617.84,123.57,5,0.2,0.0,246.73,0.167,0.051,1752372680.628808
cust_000369,6,151.8,25.3,5,0.0,0.0,45.39,0.2,0.046,1752372680.628808
cust_000370,7,986.36,140.91,6,0.429,0.143,351.75,0.233,0.18,1752372680.628808
cust_000371,4,112.22,28.06,3,0.25,0.0,39.77,0.133,0.036,1752372680.629808
cust_000372,3,777.15,259.05,2,0.0,0.0,352.83,0.1,0.189,1752372680.629808
cust_000373,8,1341.6,167.7,7,0.125,0.0,775.93,0.267,0.107,1752372680.630812
cust_000374,4,269.05,67.26,3,0.25,0.0,130.92,0.133,0.144,1752372680.630812
cust_000375,4,136.58,34.15,3,0.5,0.0,71.01,0.133,0.112,1752372680.630812
cust_000376,4,203.05,50.76,3,0.25,0.25,80.5,0.133,0.115,1752372680.631812
cust_000377,5,103.76,20.75,4,0.2,0.0,32.43,0.167,0.071,1752372680.631812
cust_000378,4,131.77,32.94,4,0.25,0.0,39.27,0.133,0.037,1752372680.632812
cust_000379,4,213.02,53.26,3,0.25,0.0,96.12,0.133,0.191,1752372680.632812
cust_000380,5,407.9,81.58,4,0.4,0.0,132.53,0.167,0.103,1752372680.632812
cust_000381,4,200.79,50.2,4,0.5,0.0,106.81,0.133,0.165,1752372680.633812
cust_000382,6,548.73,91.46,5,0.333,0.0,201.22,0.2,0.16,1752372680.633812
cust_000383,4,344.1,86.02,2,0.5,0.25,121.84,0.133,0.148,1752372680.634812
cust_000384,6,548.06,91.34,6,0.167,0.0,196.42,0.2,0.176,1752372680.634812
cust_000385,3,181.13,60.38,2,0.0,0.0,112.55,0.1,0.083,1752372680.634812
cust_000386,5,169.62,33.92,5,0.8,0.0,48.63,0.167,0.133,1752372680.635812
cust_000387,7,370.26,52.89,6,0.143,0.0,111.36,0.233,0.063,1752372680.636316
cust_000388,1,394.33,394.33,1,0.0,0.0,394.33,0.033,0.28,1752372680.636316
cust_000389,7,435.46,62.21,5,0.286,0.0,167.59,0.233,0.079,1752372680.636316
cust_000390,5,384.43,76.89,4,0.6,0.0,158.86,0.167,0.162,1752372680.63732
cust_000391,4,438.18,109.54,4,0.5,0.0,241.66,0.133,0.127,1752372680.63732
cust_000392,9,561.43,62.38,6,0.222,0.0,242.67,0.3,0.091,1752372680.638323
cust_000393,5,368.61,73.72,4,0.6,0.0,135.18,0.167,0.121,1752372680.638323
cust_000394,5,1139.56,227.91,3,0.4,0.0,540.62,0.167,0.132,1752372680.638323
cust_000395,6,258.14,43.02,5,0.167,0.0,78.14,0.2,0.067,1752372680.638323
cust_000396,6,560.71,93.45,4,0.0,0.0,197.43,0.2,0.127,1752372680.639827
cust_000397,5,237.29,47.46,4,0.0,0.0,151.53,0.167,0.096,1752372680.639827
cust_000398,5,302.94,60.59,3,0.2,0.0,112.6,0.167,0.119,1752372680.639827
cust_000399,7,559.06,79.87,6,0.286,0.0,162.46,0.233,0.14,1752372680.640832
cust_000400,5,280.78,56.16,3,0.2,0.0,157.55,0.167,0.118,1752372680.640832
cust_000401,7,636.24,90.89,5,0.143,0.0,146.11,0.233,0.128,1752372680.640832
cust_000402,5,103.33,20.67,4,0.4,0.0,35.51,0.167,0.091,1752372680.641832
cust_000403,7,734.52,104.93,5,0.286,0.0,183.92,0.233,0.145,1752372680.641832
cust_000404,5,413.32,82.66,4,0.2,0.0,176.25,0.167,0.123,1752372680.642832
cust_000405,5,677.38,135.48,4,0.4,0.0,257.9,0.167,0.074,1752372680.642832
cust_000406,9,481.24,53.47,6,0.444,0.0,135.53,0.3,0.134,1752372680.642832
cust_000407,3,95.77,31.92,2,0.667,0.0,40.33,0.1,0.144,1752372680.643832
cust_000408,7,436.91,62.42,4,0.429,0.0,166.06,0.233,0.093,1752372680.643832
cust_000409,3,375.71,125.24,3,0.667,0.333,232.8,0.1,0.196,1752372680.644832
cust_000410,1,69.34,69.34,1,1.0,0.0,69.34,0.033,0.115,1752372680.644832
cust_000411,6,240.31,40.05,2,0.333,0.0,88.37,0.2,0.116,1752372680.644832
cust_000412,4,235.29,58.82,4,0.25,0.0,77.07,0.133,0.042,1752372680.645832
cust_000413,4,215.04,53.76,4,0.5,0.0,117.18,0.133,0.066,1752372680.646336
cust_000414,8,1120.1,140.01,5,0.0,0.0,367.4,0.267,0.064,1752372680.646336
cust_000415,4,240.81,60.2,4,0.25,0.0,87.46,0.133,0.142,1752372680.646336
cust_000416,9,290.04,32.23,7,0.111,0.0,58.82,0.3,0.052,1752372680.64734
cust_000417,5,332.92,66.58,4,0.0,0.0,124.53,0.167,0.1,1752372680.64734
cust_000418,5,336.29,67.26,4,0.2,0.0,127.96,0.167,0.12,1752372680.64834
cust_000419,5,336.5,67.3,4,0.6,0.0,207.3,0.167,0.16,1752372680.64834
cust_000420,5,125.4,25.08,3,0.2,0.0,40.28,0.167,0.112,1752372680.64834
cust_000421,7,389.61,55.66,5,0.0,0.0,148.41,0.233,0.049,1752372680.64834
cust_000422,4,257.86,64.46,4,0.75,0.25,185.73,0.133,0.218,1752372680.649844
cust_000423,5,569.81,113.96,4,0.2,0.0,235.42,0.167,0.049,1752372680.649844
cust_000424,5,297.22,59.44,4,0.4,0.2,158.63,0.167,0.119,1752372680.649844
cust_000425,5,186.36,37.27,4,0.2,0.0,50.35,0.167,0.074,1752372680.650849
cust_000426,7,461.66,65.95,5,0.429,0.0,79.86,0.233,0.065,1752372680.650849
cust_000427,5,128.12,25.62,3,0.4,0.0,47.64,0.167,0.092,1752372680.651849
cust_000428,6,182.36,30.39,6,0.333,0.0,54.38,0.2,0.081,1752372680.651849
cust_000429,6,421.03,70.17,4,0.667,0.0,248.43,0.2,0.189,1752372680.651849
cust_000430,8,594.76,74.34,5,0.125,0.0,195.11,0.267,0.038,1752372680.652849
cust_000431,5,220.62,44.12,5,0.0,0.0,76.86,0.167,0.095,1752372680.652849
cust_000432,2,207.96,103.98,2,0.0,0.0,135.74,0.067,0.123,1752372680.652849
cust_000433,2,285.03,142.51,2,0.0,0.0,157.51,0.067,0.131,1752372680.653849
cust_000434,8,260.76,32.6,5,0.25,0.0,66.2,0.267,0.117,1752372680.653849
cust_000435,5,222.32,44.46,5,0.2,0.0,78.04,0.167,0.076,1752372680.654849
cust_000436,8,561.98,70.25,6,0.125,0.0,216.47,0.267,0.062,1752372680.654849
cust_000437,4,100.73,25.18,4,0.0,0.0,56.56,0.133,0.06,1752372680.654849
cust_000438,5,283.5,56.7,4,0.8,0.0,74.77,0.167,0.138,1752372680.655849
cust_000439,8,1050.52,131.32,6,0.25,0.0,290.79,0.267,0.112,1752372680.656353
cust_000440,7,615.5,87.93,6,0.429,0.0,189.44,0.233,0.098,1752372680.656353
cust_000441,12,509.32,42.44,7,0.083,0.0,100.1,0.4,0.066,1752372680.656353
cust_000442,3,207.09,69.03,3,0.0,0.0,80.57,0.1,0.018,1752372680.657357
cust_000443,8,346.13,43.27,4,0.5,0.0,61.34,0.267,0.119,1752372680.657357
cust_000444,3,98.57,32.86,3,0.0,0.0,47.98,0.1,0.011,1752372680.658357
cust_000445,7,300.99,43.0,5,0.286,0.0,137.14,0.233,0.132,1752372680.658357
cust_000446,7,250.57,35.8,4,0.286,0.0,56.63,0.233,0.074,1752372680.658357
cust_000447,8,227.25,28.41,5,0.5,0.0,68.93,0.267,0.116,1752372680.658357
cust_000448,1,83.98,83.98,1,1.0,0.0,83.98,0.033,0.318,1752372680.659861
cust_000449,6,277.88,46.31,5,0.0,0.0,94.17,0.2,0.017,1752372680.659861
cust_000450,2,106.09,53.04,2,0.0,0.5,88.94,0.067,0.263,1752372680.659861
cust_000451,6,549.43,91.57,5,0.167,0.167,213.89,0.2,0.126,1752372680.660867
cust_000452,7,455.92,65.13,6,0.429,0.0,150.1,0.233,0.065,1752372680.660867
cust_000453,5,184.99,37.0,4,0.4,0.0,52.73,0.167,0.094,1752372680.660867
cust_000454,4,591.94,147.99,3,0.0,0.0,483.35,0.133,0.135,1752372680.660867
cust_000455,6,258.59,43.1,5,0.0,0.0,74.5,0.2,0.017,1752372680.66237
cust_000456,5,305.84,61.17,4,0.4,0.0,84.53,0.167,0.099,1752372680.66237
cust_000457,4,96.15,24.04,4,0.25,0.0,37.36,0.133,0.035,1752372680.663375
cust_000458,6,325.27,54.21,4,0.167,0.0,83.5,0.2,0.069,1752372680.663375
cust_000459,2,64.14,32.07,1,0.0,0.0,48.8,0.067,0.009,1752372680.663375
cust_000460,4,630.77,157.69,3,0.5,0.25,378.24,0.133,0.212,1752372680.664375
cust_000461,5,295.95,59.19,5,0.4,0.0,131.46,0.167,0.139,1752372680.664375
cust_000462,4,290.75,72.69,2,0.25,0.0,146.82,0.133,0.145,1752372680.664375
cust_000463,6,555.54,92.59,5,0.167,0.0,206.6,0.2,0.11,1752372680.664375
cust_000464,2,45.09,22.54,2,0.0,0.0,28.22,0.067,0.107,1752372680.665878
cust_000465,4,287.48,71.87,1,0.25,0.0,130.26,0.133,0.045,1752372680.665878
cust_000466,3,140.14,46.71,3,0.333,0.333,92.64,0.1,0.213,1752372680.666883
cust_000467,4,121.64,30.41,3,0.25,0.0,65.25,0.133,0.036,1752372680.666883
cust_000468,3,107.82,35.94,2,0.333,0.0,46.07,0.1,0.111,1752372680.666883
cust_000469,2,147.2,73.6,2,0.5,0.0,123.88,0.067,0.167,1752372680.667883
cust_000470,4,268.52,67.13,3,0.0,0.0,137.18,0.133,0.019,1752372680.667883
cust_000471,6,196.01,32.67,5,0.5,0.0,61.51,0.2,0.098,1752372680.668883
cust_000472,4,364.54,91.14,4,0.25,0.0,268.52,0.133,0.099,1752372680.668883
cust_000473,2,101.82,50.91,2,0.0,0.0,63.87,0.067,0.013,1752372680.668883
cust_000474,4,751.36,187.84,4,0.0,0.25,458.72,0.133,0.218,1752372680.669883
cust_000475,12,672.13,56.01,9,0.083,0.0,188.68,0.4,0.136,1752372680.669883
cust_000476,6,350.0,58.33,6,0.167,0.0,97.65,0.2,0.17,1752372680.669883
cust_000477,2,690.6,345.3,2,0.0,0.0,639.97,0.067,0.172,1752372680.670887
cust_000478,1,24.61,24.61,1,1.0,0.0,24.61,0.033,0.106,1752372680.670887
cust_000479,8,331.47,41.43,7,0.0,0.0,123.76,0.267,0.119,1752372680.671887
cust_000480,4,319.72,79.93,4,0.5,0.0,177.4,0.133,0.071,1752372680.671887
cust_000481,5,343.33,68.67,5,0.4,0.0,123.35,0.167,0.1,1752372680.671887
cust_000482,5,147.88,29.58,4,0.4,0.0,49.84,0.167,0.093,1752372680.672887
cust_000483,2,57.53,28.76,2,0.5,0.0,30.67,0.067,0.158,1752372680.672887
cust_000484,3,265.47,88.49,2,0.667,0.333,193.05,0.1,0.255,1752372680.673887
cust_000485,4,349.93,87.48,4,0.5,0.0,135.02,0.133,0.173,1752372680.673887
cust_000486,5,1224.45,244.89,4,0.6,0.2,387.89,0.167,0.176,1752372680.673887
cust_000487,4,117.22,29.3,2,0.5,0.0,39.43,0.133,0.061,1752372680.674887
cust_000488,3,83.91,27.97,3,0.0,0.0,38.58,0.1,0.076,1752372680.674887
cust_000489,6,375.24,62.54,4,0.333,0.0,136.25,0.2,0.121,1752372680.674887
cust_000490,3,258.03,86.01,3,0.667,0.0,100.82,0.1,0.155,1752372680.675887
cust_000491,4,422.98,105.74,3,0.5,0.0,141.69,0.133,0.126,1752372680.67639
cust_000492,4,122.09,30.52,4,0.25,0.0,56.99,0.133,0.036,1752372680.67639
cust_000493,5,429.36,85.87,4,0.4,0.0,291.56,0.167,0.144,1752372680.677395
cust_000494,4,186.71,46.68,4,0.5,0.0,76.46,0.133,0.115,1752372680.677395
cust_000495,1,10.01,10.01,1,0.0,0.0,10.01,0.033,0.003,1752372680.677395
cust_000496,4,249.99,62.5,3,0.5,0.0,92.29,0.133,0.168,1752372680.678395
cust_000497,7,943.31,134.76,7,0.286,0.286,183.41,0.233,0.208,1752372680.678395
cust_000498,6,266.98,44.5,5,0.333,0.0,120.44,0.2,0.084,1752372680.678395
cust_000499,2,146.45,73.22,2,0.5,0.0,94.25,0.067,0.167,1752372680.678395
cust_000500,2,83.21,41.6,2,0.5,0.0,63.79,0.067,0.061,1752372680.679899
cust_000501,6,361.85,60.31,5,0.167,0.0,134.37,0.2,0.07,1752372680.679899
cust_000502,3,135.68,45.23,3,0.333,0.0,62.98,0.1,0.046,1752372680.679899
cust_000503,7,941.04,134.43,6,0.143,0.0,262.56,0.233,0.108,1752372680.680904
cust_000504,4,157.65,39.41,4,0.5,0.0,52.06,0.133,0.163,1752372680.680904
cust_000505,1,194.83,194.83,1,0.0,0.0,194.83,0.033,0.04,1752372680.681905
cust_000506,2,42.58,21.29,2,0.0,0.0,22.35,0.067,0.007,1752372680.681905
cust_000507,3,108.25,36.08,3,0.333,0.0,56.29,0.1,0.178,1752372680.681905
cust_000508,2,83.14,41.57,2,0.0,0.0,57.18,0.067,0.011,1752372680.682905
cust_000509,8,919.3,114.91,5,0.25,0.25,160.97,0.267,0.209,1752372680.682905
cust_000510,11,589.05,53.55,9,0.364,0.0,127.96,0.367,0.116,1752372680.683905
cust_000511,3,158.94,52.98,3,0.0,0.0,125.76,0.1,0.015,1752372680.683905
cust_000512,4,244.68,61.17,2,0.5,0.0,162.38,0.133,0.118,1752372680.683905
cust_000513,3,130.22,43.41,2,0.333,0.0,58.01,0.1,0.113,1752372680.684905
cust_000514,2,82.32,41.16,2,0.0,0.0,71.15,0.067,0.011,1752372680.684905
cust_000515,3,128.75,42.92,2,0.333,0.0,83.63,0.1,0.046,1752372680.685904
cust_000516,4,194.04,48.51,4,0.25,0.25,54.45,0.133,0.165,1752372680.685904
cust_000517,4,233.84,58.46,4,0.25,0.0,136.22,0.133,0.042,1752372680.686408
cust_000518,6,610.3,101.72,3,0.0,0.0,157.99,0.2,0.095,1752372680.686408
cust_000519,3,1055.56,351.85,3,0.667,0.333,846.21,0.1,0.374,1752372680.687412
cust_000520,6,367.38,61.23,4,0.333,0.0,165.18,0.2,0.087,1752372680.687412
cust_000521,3,262.57,87.52,3,0.0,0.0,128.46,0.1,0.088,1752372680.687412
cust_000522,9,921.72,102.41,4,0.333,0.0,232.25,0.3,0.132,1752372680.688412
cust_000523,4,133.82,33.46,3,0.25,0.25,44.62,0.133,0.262,1752372680.688412
cust_000524,4,140.17,35.04,4,0.75,0.0,49.98,0.133,0.087,1752372680.688412
cust_000525,5,346.72,69.34,5,0.0,0.0,194.53,0.167,0.061,1752372680.688412
cust_000526,5,198.1,39.62,4,0.4,0.0,101.37,0.167,0.135,1752372680.689916
cust_000527,5,704.63,140.93,4,0.2,0.0,342.45,0.167,0.095,1752372680.689916
cust_000528,3,128.76,42.92,3,0.667,0.0,89.1,0.1,0.079,1752372680.690922
cust_000529,5,416.07,83.21,4,0.4,0.4,152.61,0.167,0.223,1752372680.690922
cust_000530,3,214.57,71.52,3,0.667,0.0,93.33,0.1,0.085,1752372680.690922
cust_000531,3,108.2,36.07,3,0.667,0.0,43.4,0.1,0.145,1752372680.691922
cust_000532,5,592.8,118.56,4,0.2,0.0,176.14,0.167,0.09,1752372680.691922
cust_000533,7,190.15,27.16,5,0.286,0.0,52.95,0.233,0.043,1752372680.692922
cust_000534,5,366.48,73.3,4,0.6,0.0,139.79,0.167,0.161,1752372680.692922
cust_000535,5,183.91,36.78,5,0.0,0.0,63.55,0.167,0.014,1752372680.692922
cust_000536,7,194.87,27.84,5,0.286,0.0,49.04,0.233,0.072,1752372680.693922
cust_000537,6,2010.93,335.16,6,0.333,0.167,951.85,0.2,0.225,1752372680.693922
cust_000538,5,185.17,37.03,3,0.4,0.0,49.89,0.167,0.094,1752372680.693922
cust_000539,2,118.69,59.34,2,0.5,0.0,97.75,0.067,0.165,1752372680.694922
cust_000540,2,98.66,49.33,2,0.5,0.0,67.3,0.067,0.063,1752372680.694922
cust_000541,3,162.64,54.21,2,0.333,0.0,123.51,0.1,0.115,1752372680.695922
cust_000542,5,640.35,128.07,5,0.4,0.0,200.21,0.167,0.072,1752372680.695922
cust_000543,7,365.55,52.22,5,0.143,0.0,153.52,0.233,0.063,1752372680.696426
cust_000544,5,192.26,38.45,4,0.0,0.0,83.11,0.167,0.014,1752372680.696426
cust_000545,6,356.45,59.41,5,0.333,0.0,197.29,0.2,0.053,1752372680.69743
cust_000546,8,423.15,52.89,5,0.25,0.0,121.27,0.267,0.046,1752372680.69743
cust_000547,6,636.58,106.1,3,0.333,0.0,240.08,0.2,0.163,1752372680.69743
cust_000548,7,527.08,75.3,6,0.143,0.143,162.33,0.233,0.139,1752372680.69843
cust_000549,1,110.41,110.41,1,0.0,0.0,110.41,0.033,0.023,1752372680.69843
cust_000550,8,295.17,36.9,5,0.125,0.0,83.86,0.267,0.131,1752372680.69843
cust_000551,4,2188.82,547.2,3,0.25,0.0,1546.0,0.133,0.19,1752372680.69843
cust_000552,6,279.34,46.56,6,0.0,0.0,123.74,0.2,0.051,1752372680.699933
cust_000553,8,427.71,53.46,6,0.25,0.0,146.2,0.267,0.121,1752372680.699933
cust_000554,5,297.38,59.48,4,0.0,0.0,93.74,0.167,0.059,1752372680.700939
cust_000555,1,21.5,21.5,1,0.0,0.0,21.5,0.033,0.206,1752372680.700939
cust_000556,3,303.94,101.31,3,0.333,0.333,185.18,0.1,0.291,1752372680.700939
cust_000557,6,342.21,57.04,5,0.333,0.0,85.78,0.2,0.086,1752372680.701939
cust_000558,2,154.15,77.08,2,0.5,0.0,84.7,0.067,0.068,1752372680.701939
cust_000559,3,169.57,56.52,3,0.667,0.0,87.02,0.1,0.149,1752372680.702939
cust_000560,7,380.34,54.33,4,0.286,0.0,143.36,0.233,0.077,1752372680.702939
cust_000561,3,171.63,57.21,3,0.0,0.0,109.39,0.1,0.015,1752372680.702939
cust_000562,5,98.16,19.63,4,0.0,0.0,25.96,0.167,0.091,1752372680.703939
cust_000563,6,102.09,17.02,5,0.333,0.0,29.9,0.2,0.078,1752372680.703939
cust_000564,10,327.37,32.74,7,0.3,0.0,68.63,0.333,0.17,1752372680.703939
cust_000565,4,167.67,41.92,4,0.5,0.0,79.17,0.133,0.114,1752372680.704939
cust_000566,7,317.33,45.33,5,0.286,0.0,115.95,0.233,0.104,1752372680.704939
cust_000567,8,722.11,90.26,5,0.125,0.0,329.82,0.267,0.041,1752372680.705939
cust_000568,3,120.0,40.0,3,0.0,0.0,77.51,0.1,0.145,1752372680.705939
cust_000569,5,237.21,47.44,5,0.8,0.0,83.1,0.167,0.096,1752372680.706443
cust_000570,5,515.47,103.09,4,0.8,0.0,318.88,0.167,0.187,1752372680.706443
cust_000571,3,257.41,85.8,3,0.333,0.0,108.46,0.1,0.054,1752372680.707447
cust_000572,6,326.74,54.46,6,0.0,0.0,108.55,0.2,0.152,1752372680.707447
cust_000573,8,993.91,124.24,5,0.25,0.0,317.75,0.267,0.086,1752372680.707447
cust_000574,3,138.11,46.04,3,0.333,0.333,65.36,0.1,0.147,1752372680.708447
cust_000575,7,463.33,66.19,6,0.143,0.143,155.2,0.233,0.165,1752372680.708447
cust_000576,5,264.6,52.92,5,0.4,0.2,96.3,0.167,0.157,1752372680.709447
cust_000577,6,330.77,55.13,5,0.333,0.0,105.89,0.2,0.086,1752372680.709447
cust_000578,6,385.68,64.28,5,0.333,0.167,101.83,0.2,0.138,1752372680.709447
cust_000579,5,663.75,132.75,4,0.4,0.6,187.89,0.167,0.293,1752372680.710451
cust_000580,3,409.92,136.64,2,0.0,0.0,190.89,0.1,0.098,1752372680.710451
cust_000581,3,100.07,33.36,2,0.0,0.0,52.23,0.1,0.011,1752372680.711451
cust_000582,5,158.1,31.62,5,0.0,0.0,39.33,0.167,0.093,1752372680.711451
cust_000583,10,815.17,81.52,8,0.4,0.0,224.34,0.333,0.11,1752372680.711451
cust_000584,6,272.51,45.42,5,0.167,0.0,88.89,0.2,0.034,1752372680.712451
cust_000585,6,481.63,80.27,5,0.167,0.0,158.47,0.2,0.141,1752372680.712451
cust_000586,5,359.87,71.97,4,0.4,0.0,138.47,0.167,0.181,1752372680.712451
cust_000587,7,736.25,105.18,6,0.286,0.0,237.69,0.233,0.116,1752372680.713451
cust_000588,3,86.34,28.78,2,0.333,0.0,33.33,0.1,0.11,1752372680.713451
cust_000589,10,421.5,42.15,6,0.4,0.0,106.8,0.333,0.142,1752372680.714451
cust_000590,6,364.43,60.74,4,0.0,0.0,132.3,0.2,0.187,1752372680.714451
cust_000591,7,275.48,39.35,6,0.286,0.0,80.37,0.233,0.103,1752372680.714451
cust_000592,5,631.65,126.33,2,0.0,0.0,324.66,0.167,0.032,1752372680.714451
cust_000593,3,153.82,51.27,3,0.667,0.0,80.11,0.1,0.148,1752372680.715955
cust_000594,5,101.59,20.32,4,0.8,0.0,31.84,0.167,0.171,1752372680.715955
cust_000595,1,47.04,47.04,1,0.0,0.0,47.04,0.033,0.211,1752372680.715955
cust_000596,3,138.29,46.1,3,0.333,0.0,51.67,0.1,0.047,1752372680.716959
cust_000597,6,236.0,39.33,6,0.0,0.167,81.86,0.2,0.166,1752372680.716959
cust_000598,4,112.74,28.18,4,0.5,0.0,48.22,0.133,0.061,1752372680.717959
cust_000599,8,356.79,44.6,7,0.25,0.0,95.36,0.267,0.07,1752372680.717959
cust_000600,5,227.9,45.58,4,0.2,0.0,82.37,0.167,0.076,1752372680.717959
cust_000601,6,244.22,40.7,5,0.333,0.0,61.7,0.2,0.116,1752372680.718959
cust_000602,6,221.3,36.88,4,0.167,0.0,68.52,0.2,0.065,1752372680.718959
cust_000603,5,377.76,75.55,5,0.0,0.0,139.94,0.167,0.022,1752372680.718959
cust_000604,3,136.44,45.48,3,0.333,0.333,83.75,0.1,0.28,1752372680.719959
cust_000605,9,363.9,40.43,7,0.111,0.0,114.93,0.3,0.165,1752372680.719959
cust_000606,2,102.46,51.23,2,0.0,0.0,78.36,0.067,0.213,1752372680.720963
cust_000607,4,190.38,47.6,4,0.5,0.0,68.99,0.133,0.165,1752372680.720963
cust_000608,6,353.57,58.93,5,0.667,0.167,111.05,0.2,0.136,1752372680.720963
cust_000609,5,174.94,34.99,5,0.2,0.0,57.86,0.167,0.074,1752372680.721963
cust_000610,4,113.69,28.42,2,0.5,0.0,68.59,0.133,0.161,1752372680.721963
cust_000611,3,452.09,150.7,2,0.0,0.333,231.76,0.1,0.201,1752372680.722963
cust_000612,4,156.14,39.03,3,0.25,0.0,52.84,0.133,0.088,1752372680.722963
cust_000613,1,19.73,19.73,1,1.0,0.0,19.73,0.033,0.305,1752372680.722963
cust_000614,5,207.7,41.54,4,0.4,0.0,114.22,0.167,0.095,1752372680.723963
cust_000615,9,437.16,48.57,7,0.222,0.0,169.8,0.3,0.133,1752372680.723963
cust_000616,3,268.46,89.49,3,0.333,0.0,139.09,0.1,0.055,1752372680.723963
cust_000617,8,792.22,99.03,6,0.25,0.0,211.63,0.267,0.08,1752372680.724963
cust_000618,4,126.1,31.52,3,0.75,0.0,55.22,0.133,0.087,1752372680.724963
cust_000619,6,264.92,44.15,4,0.5,0.0,70.28,0.2,0.1,1752372680.725963
cust_000620,7,304.92,43.56,5,0.286,0.0,86.33,0.233,0.075,1752372680.726467
cust_000621,6,211.44,35.24,6,0.167,0.0,112.53,0.2,0.065,1752372680.726467
cust_000622,9,614.66,68.3,8,0.111,0.0,204.61,0.3,0.103,1752372680.726467
cust_000623,2,40.12,20.06,2,0.0,0.0,24.18,0.067,0.007,1752372680.727471
cust_000624,3,207.48,69.16,3,0.333,0.0,103.39,0.1,0.118,1752372680.727471
cust_000625,6,577.55,96.26,5,0.0,0.0,192.71,0.2,0.094,1752372680.727471
cust_000626,4,292.46,73.12,3,0.25,0.0,146.04,0.133,0.045,1752372680.728471
cust_000627,4,351.3,87.82,3,0.25,0.0,162.7,0.133,0.148,1752372680.728471
cust_000628,3,129.93,43.31,2,0.333,0.0,77.65,0.1,0.046,1752372680.728471
cust_000629,3,329.89,109.96,3,0.333,0.0,131.77,0.1,0.126,1752372680.729975
cust_000630,3,118.41,39.47,3,0.0,0.0,61.53,0.1,0.079,1752372680.729975
cust_000631,3,144.6,48.2,3,0.0,0.0,54.18,0.1,0.08,1752372680.729975
cust_000632,7,671.48,95.93,6,0.286,0.0,264.91,0.233,0.114,1752372680.730981
cust_000633,5,311.2,62.24,5,0.4,0.0,111.44,0.167,0.139,1752372680.730981
cust_000634,7,806.65,115.24,5,0.0,0.143,260.65,0.233,0.104,1752372680.730981
cust_000635,7,474.89,67.84,3,0.286,0.0,135.98,0.233,0.137,1752372680.731981
cust_000636,2,153.72,76.86,2,0.5,0.5,105.14,0.067,0.318,1752372680.731981
cust_000637,0,0.0,0.0,0,0.0,0.0,0.0,0.0,0.1,1752372680.731981
cust_000638,5,242.82,48.56,4,0.2,0.0,106.6,0.167,0.076,1752372680.732981
cust_000639,4,155.27,38.82,3,0.5,0.0,68.46,0.133,0.113,1752372680.732981
cust_000640,6,245.81,40.97,5,0.167,0.0,71.64,0.2,0.1,1752372680.733981
cust_000641,4,158.08,39.52,4,0.0,0.0,78.58,0.133,0.013,1752372680.733981
cust_000642,7,1085.06,155.01,4,0.429,0.0,528.86,0.233,0.14,1752372680.733981
cust_000643,1,17.4,17.4,1,0.0,0.0,17.4,0.033,0.005,1752372680.73498
cust_000644,4,275.61,68.9,4,0.25,0.0,96.71,0.133,0.144,1752372680.73498
cust_000645,8,234.89,29.36,5,0.375,0.0,48.89,0.267,0.129,1752372680.73598
cust_000646,3,507.39,169.13,3,0.667,0.0,412.69,0.1,0.104,1752372680.73598
cust_000647,9,290.51,32.28,6,0.556,0.111,64.26,0.3,0.174,1752372680.736484
cust_000648,5,707.72,141.54,5,0.4,0.0,448.57,0.167,0.155,1752372680.736484
cust_000649,8,413.23,51.65,5,0.125,0.0,185.96,0.267,0.083,1752372680.737488
cust_000650,5,233.33,46.67,5,0.2,0.0,122.17,0.167,0.116,1752372680.737488
cust_000651,7,291.38,41.63,6,0.286,0.0,76.26,0.233,0.103,1752372680.737488
cust_000652,6,206.24,34.37,4,0.167,0.0,69.22,0.2,0.132,1752372680.738488
cust_000653,9,244.32,27.15,8,0.222,0.0,50.11,0.3,0.062,1752372680.738488
cust_000654,3,196.69,65.56,2,0.667,0.0,145.92,0.1,0.15,1752372680.738488
cust_000655,5,160.83,32.17,5,0.6,0.0,63.06,0.167,0.073,1752372680.738488
cust_000656,5,189.08,37.82,3,0.2,0.2,100.52,0.167,0.094,1752372680.739992
cust_000657,3,436.56,145.52,3,0.0,0.0,237.35,0.1,0.033,1752372680.739992
cust_000658,7,313.46,44.78,4,0.286,0.0,133.3,0.233,0.133,1752372680.740998
cust_000659,2,52.74,26.37,2,0.5,0.0,40.38,0.067,0.158,1752372680.740998
cust_000660,4,568.32,142.08,3,0.5,0.25,347.88,0.133,0.159,1752372680.740998
cust_000661,9,597.98,66.44,8,0.0,0.0,212.82,0.3,0.048,1752372680.741998
cust_000662,12,372.16,31.01,7,0.333,0.0,84.36,0.4,0.089,1752372680.741998
cust_000663,6,419.05,69.84,5,0.5,0.0,118.59,0.2,0.105,1752372680.742998
cust_000664,3,230.27,76.76,3,0.0,0.0,82.22,0.1,0.153,1752372680.742998
cust_000665,5,501.93,100.39,5,0.4,0.0,165.44,0.167,0.107,1752372680.742998
cust_000666,4,203.36,50.84,3,0.0,0.25,85.0,0.133,0.141,1752372680.743998
cust_000667,1,93.18,93.18,1,0.0,0.0,93.18,0.033,0.22,1752372680.743998
cust_000668,1,69.9,69.9,1,0.0,0.0,69.9,0.033,0.015,1752372680.743998
cust_000669,4,140.62,35.16,3,0.25,0.0,43.66,0.133,0.037,1752372680.744998
cust_000670,5,215.98,43.2,4,0.4,0.2,137.12,0.167,0.155,1752372680.744998
cust_000671,6,349.63,58.27,4,0.167,0.167,130.38,0.2,0.153,1752372680.745998
cust_000672,9,827.42,91.94,7,0.444,0.0,195.04,0.3,0.097,1752372680.746501
cust_000673,3,85.24,28.41,3,0.0,0.0,44.6,0.1,0.076,1752372680.746501
cust_000674,3,105.56,35.19,3,0.0,0.0,46.17,0.1,0.078,1752372680.746501
cust_000675,7,491.73,70.25,5,0.286,0.0,169.9,0.233,0.138,1752372680.747506
cust_000676,3,225.32,75.11,3,0.0,0.0,168.3,0.1,0.152,1752372680.747506
cust_000677,11,472.62,42.97,7,0.182,0.0,104.25,0.367,0.096,1752372680.747506
cust_000678,3,199.67,66.56,2,0.0,0.0,105.84,0.1,0.017,1752372680.748506
cust_000679,1,77.82,77.82,1,0.0,0.0,77.82,0.033,0.017,1752372680.748506
cust_000680,4,599.48,149.87,3,0.0,0.0,294.57,0.133,0.035,1752372680.748506
cust_000681,5,252.21,50.44,3,0.4,0.0,101.63,0.167,0.137,1752372680.750009
cust_000682,4,100.8,25.2,3,0.5,0.0,39.95,0.133,0.11,1752372680.750009
cust_000683,4,267.21,66.8,4,0.25,0.0,87.94,0.133,0.044,1752372680.750009
cust_000684,6,249.44,41.57,4,0.167,0.0,102.86,0.2,0.133,1752372680.751015
cust_000685,7,272.22,38.89,6,0.286,0.143,88.23,0.233,0.146,1752372680.751015
cust_000686,6,455.84,75.97,6,0.333,0.0,126.08,0.2,0.09,1752372680.751015
cust_000687,5,550.13,110.03,4,0.2,0.0,331.22,0.167,0.049,1752372680.752015
cust_000688,4,156.56,39.14,3,0.0,0.0,75.45,0.133,0.013,1752372680.752015
cust_000689,2,135.99,68.0,2,0.0,0.0,89.02,0.067,0.016,1752372680.753015
cust_000690,3,357.8,119.27,3,0.0,0.0,282.92,0.1,0.028,1752372680.753015
cust_000691,4,120.24,30.06,4,0.0,0.0,67.36,0.133,0.011,1752372680.753015
cust_000692,7,617.49,88.21,5,0.286,0.0,204.62,0.233,0.141,1752372680.754015
cust_000693,3,202.51,67.5,3,0.333,0.0,142.23,0.1,0.118,1752372680.754015
cust_000694,6,298.23,49.71,4,0.167,0.0,82.68,0.2,0.101,1752372680.755015
cust_000695,4,280.48,70.12,3,0.0,0.0,161.5,0.133,0.019,1752372680.755015
cust_000696,5,245.42,49.08,5,0.0,0.0,96.33,0.167,0.056,1752372680.755015
cust_000697,6,656.6,109.43,5,0.0,0.0,183.59,0.2,0.03,1752372680.756015
cust_000698,4,189.89,47.47,4,0.25,0.0,63.53,0.133,0.04,1752372680.756519
cust_000699,2,61.14,30.57,2,0.5,0.0,47.53,0.067,0.159,1752372680.756519
cust_000700,6,476.79,79.46,5,0.0,0.0,322.5,0.2,0.057,1752372680.756519
cust_000701,5,237.02,47.4,4,0.4,0.0,128.53,0.167,0.096,1752372680.757523
cust_000702,3,124.93,41.64,3,0.667,0.0,72.91,0.1,0.079,1752372680.757523
cust_000703,6,294.99,49.16,5,0.333,0.0,134.68,0.2,0.184,1752372680.758523
cust_000704,4,239.97,59.99,4,0.25,0.0,83.9,0.133,0.042,1752372680.758523
cust_000705,8,728.2,91.02,4,0.125,0.125,170.53,0.267,0.179,1752372680.758523
cust_000706,4,275.01,68.75,4,0.25,0.0,108.79,0.133,0.244,1752372680.758523
cust_000707,4,245.61,61.4,3,0.25,0.25,102.69,0.133,0.118,1752372680.760027
cust_000708,3,1414.7,471.57,2,0.667,0.333,1205.04,0.1,0.398,1752372680.760027
cust_000709,6,301.23,50.21,4,0.167,0.0,149.01,0.2,0.035,1752372680.760027
cust_000710,1,7.6,7.6,1,1.0,0.0,7.6,0.033,0.103,1752372680.761032
cust_000711,5,139.89,27.98,5,0.2,0.0,61.08,0.167,0.072,1752372680.761032
cust_000712,8,410.01,51.25,7,0.375,0.0,174.61,0.267,0.108,1752372680.761032
cust_000713,4,148.69,37.17,4,0.25,0.0,42.88,0.133,0.088,1752372680.761032
cust_000714,11,1457.48,132.5,7,0.273,0.091,272.1,0.367,0.114,1752372680.762536
cust_000715,8,268.88,33.61,4,0.375,0.0,49.45,0.267,0.105,1752372680.762536
cust_000716,7,657.57,93.94,6,0.143,0.143,172.17,0.233,0.142,1752372680.763541
cust_000717,6,209.68,34.95,3,0.167,0.0,62.06,0.2,0.032,1752372680.763541
cust_000718,6,708.51,118.08,5,0.333,0.0,279.29,0.2,0.098,1752372680.763541
cust_000719,7,932.1,133.16,4,0.429,0.143,218.47,0.233,0.207,1752372680.764541
cust_000720,7,488.28,69.75,6,0.0,0.0,163.18,0.233,0.08,1752372680.764541
cust_000721,7,410.42,58.63,6,0.286,0.0,152.62,0.233,0.078,1752372680.764541
cust_000722,9,480.56,53.4,6,0.111,0.0,115.27,0.3,0.1,1752372680.764541
cust_000723,4,316.75,79.19,4,0.25,0.0,169.42,0.133,0.046,1752372680.766045
cust_000724,7,525.62,75.09,5,0.143,0.0,187.03,0.233,0.096,1752372680.766045
cust_000725,4,176.46,44.11,4,0.25,0.0,52.73,0.133,0.089,1752372680.767049
cust_000726,3,268.99,89.66,3,0.0,0.0,140.07,0.1,0.022,1752372680.767049
cust_000727,7,226.04,32.29,6,0.286,0.0,49.53,0.233,0.102,1752372680.767049
cust_000728,8,583.61,72.95,5,0.25,0.0,124.97,0.267,0.05,1752372680.768049
cust_000729,6,358.21,59.7,5,0.167,0.0,125.09,0.2,0.07,1752372680.768049
cust_000730,2,154.17,77.09,1,0.0,0.0,88.55,0.067,0.018,1752372680.76905
cust_000731,3,425.45,141.82,3,0.333,0.0,304.3,0.1,0.132,1752372680.76905
cust_000732,3,503.27,167.76,2,0.667,0.0,330.14,0.1,0.171,1752372680.76905
cust_000733,10,1156.47,115.65,6,0.3,0.1,568.85,0.333,0.136,1752372680.770053
cust_000734,4,344.7,86.18,3,0.0,0.0,146.83,0.133,0.073,1752372680.77057
cust_000735,10,327.3,32.73,7,0.1,0.0,58.79,0.333,0.07,1752372680.771087
cust_000736,4,131.2,32.8,4,0.25,0.0,63.45,0.133,0.037,1752372680.771087
cust_000737,5,211.32,42.26,5,0.2,0.0,47.92,0.167,0.075,1752372680.771605
cust_000738,3,123.0,41.0,3,0.0,0.0,70.62,0.1,0.012,1752372680.772122
cust_000739,2,126.27,63.14,1,0.0,0.0,74.85,0.067,0.015,1752372680.772642
cust_000740,8,581.19,72.65,5,0.25,0.125,154.36,0.267,0.113,1752372680.773159
cust_000741,6,314.06,52.34,4,0.667,0.0,133.86,0.2,0.152,1752372680.773159
cust_000742,6,225.11,37.52,6,0.0,0.0,53.62,0.2,0.049,1752372680.773674
cust_000743,6,182.9,30.48,6,0.5,0.0,45.85,0.2,0.097,1752372680.774187
cust_000744,4,214.32,53.58,3,0.25,0.0,80.33,0.133,0.141,1752372680.7747
cust_000745,3,144.5,48.17,3,0.0,0.0,69.35,0.1,0.014,1752372680.7747
cust_000746,4,196.47,49.12,3,0.5,0.0,73.95,0.133,0.165,1752372680.775213
cust_000747,9,1409.68,156.63,8,0.222,0.0,668.61,0.3,0.132,1752372680.775722
cust_000748,3,413.34,137.78,3,0.0,0.0,156.74,0.1,0.165,1752372680.77624
cust_000749,5,216.75,43.35,5,0.0,0.0,73.91,0.167,0.095,1752372680.776754
cust_000750,7,254.14,36.31,4,0.0,0.0,75.59,0.233,0.131,1752372680.776754
cust_000751,9,658.98,73.22,6,0.222,0.0,233.79,0.3,0.138,1752372680.777268
cust_000752,2,100.56,50.28,1,0.0,0.0,84.66,0.067,0.113,1752372680.777783
cust_000753,2,37.61,18.8,2,1.0,0.0,24.08,0.067,0.206,1752372680.7783
cust_000754,7,426.47,60.92,5,0.286,0.0,99.34,0.233,0.136,1752372680.778813
cust_000755,8,217.82,27.23,7,0.375,0.0,59.71,0.267,0.079,1752372680.778813
cust_000756,6,678.03,113.0,5,0.167,0.0,332.25,0.2,0.081,1752372680.779326
cust_000757,3,166.0,55.33,3,0.0,0.0,70.19,0.1,0.015,1752372680.77984
cust_000758,1,58.38,58.38,1,0.0,0.0,58.38,0.033,0.013,1752372680.780357
cust_000759,5,201.59,40.32,3,0.6,0.0,81.06,0.167,0.155,1752372680.78087
cust_000760,8,750.92,93.86,5,0.375,0.0,282.22,0.267,0.092,1752372680.78087
cust_000761,4,216.45,54.11,3,0.0,0.0,85.61,0.133,0.066,1752372680.781384
cust_000762,4,208.3,52.08,3,0.75,0.0,97.6,0.133,0.091,1752372680.781899
cust_000763,3,168.19,56.06,3,0.333,0.0,101.9,0.1,0.049,1752372680.782412
cust_000764,4,312.9,78.22,4,0.0,0.0,149.57,0.133,0.121,1752372680.782926
cust_000765,4,88.16,22.04,3,0.75,0.0,28.4,0.133,0.085,1752372680.782926
cust_000766,3,184.75,61.58,3,0.667,0.0,96.69,0.1,0.083,1752372680.783444
cust_000767,0,0.0,0.0,0,0.0,0.0,0.0,0.0,0.1,1752372680.783957
cust_000768,7,343.32,49.05,5,0.286,0.0,94.53,0.233,0.133,1752372680.783957
cust_000769,4,133.44,33.36,3,0.25,0.0,58.36,0.133,0.087,1752372680.784514
cust_000770,6,270.09,45.02,5,0.333,0.0,166.03,0.2,0.117,1752372680.785031
cust_000771,5,364.05,72.81,4,0.6,0.2,152.2,0.167,0.141,1752372680.785545
cust_000772,3,445.69,148.56,3,0.333,0.0,394.21,0.1,0.134,1752372680.786054
cust_000773,4,367.23,91.81,4,0.25,0.25,162.66,0.133,0.224,1752372680.786054
cust_000774,9,252.26,28.03,5,0.111,0.0,56.76,0.3,0.073,1752372680.786575
cust_000775,4,404.6,101.15,4,0.25,0.0,180.71,0.133,0.101,1752372680.786575
cust_000776,6,227.55,37.93,5,0.167,0.0,122.5,0.2,0.066,1752372680.787579
cust_000777,3,464.2,154.73,3,0.333,0.0,314.71,0.1,0.068,1752372680.787579
cust_000778,8,322.12,40.26,7,0.375,0.0,78.96,0.267,0.081,1752372680.787579
cust_000779,6,548.33,91.39,4,0.5,0.0,229.12,0.2,0.11,1752372680.788579
cust_000780,2,59.37,29.68,2,0.0,0.0,46.04,0.067,0.009,1752372680.788579
cust_000781,4,874.26,218.56,4,0.75,0.25,296.47,0.133,0.299,1752372680.788579
cust_000782,9,285.4,31.71,5,0.444,0.0,64.53,0.3,0.129,1752372680.788579
cust_000783,8,901.62,112.7,7,0.125,0.0,483.7,0.267,0.121,1752372680.790083
cust_000784,6,313.02,52.17,6,0.5,0.0,126.1,0.2,0.068,1752372680.790083
cust_000785,8,1192.84,149.1,4,0.25,0.0,218.49,0.267,0.065,1752372680.791089
cust_000786,5,174.84,34.97,4,0.4,0.0,88.07,0.167,0.094,1752372680.791089
cust_000787,12,892.72,74.39,6,0.25,0.0,181.67,0.4,0.073,1752372680.791089
cust_000788,4,260.46,65.11,4,0.25,0.0,131.48,0.133,0.093,1752372680.792089
cust_000789,9,982.45,109.16,7,0.222,0.111,410.27,0.3,0.134,1752372680.792089
cust_000790,9,984.26,109.36,5,0.222,0.222,209.38,0.3,0.167,1752372680.793089
cust_000791,5,774.06,154.81,5,0.8,0.0,337.65,0.167,0.118,1752372680.793089
cust_000792,4,216.91,54.23,4,0.25,0.0,85.74,0.133,0.091,1752372680.793089
cust_000793,2,93.7,46.85,1,0.0,0.0,69.68,0.067,0.112,1752372680.794089
cust_000794,6,472.75,78.79,4,0.167,0.0,155.56,0.2,0.074,1752372680.794089
cust_000795,5,516.47,103.29,5,0.0,0.0,141.11,0.167,0.067,1752372680.795089
cust_000796,4,110.18,27.54,4,0.25,0.0,58.8,0.133,0.136,1752372680.795089
cust_000797,5,485.05,97.01,4,0.4,0.0,132.7,0.167,0.066,1752372680.795089
cust_000798,7,628.19,89.74,4,0.143,0.0,243.24,0.233,0.099,1752372680.796089
cust_000799,6,658.64,109.77,4,0.167,0.0,259.82,0.2,0.113,1752372680.796592
cust_000800,8,1261.75,157.72,6,0.125,0.0,388.0,0.267,0.08,1752372680.796592
cust_000801,9,342.14,38.02,6,0.222,0.0,81.42,0.3,0.064,1752372680.796592
cust_000802,2,124.09,62.04,2,0.0,0.0,70.24,0.067,0.015,1752372680.797596
cust_000803,4,296.86,74.22,3,0.25,0.0,130.1,0.133,0.045,1752372680.797596
cust_000804,5,251.44,50.29,4,0.0,0.0,125.4,0.167,0.017,1752372680.798596
cust_000805,4,148.07,37.02,4,0.0,0.0,63.88,0.133,0.063,1752372680.798596
cust_000806,6,1135.95,189.32,5,0.167,0.333,351.74,0.2,0.263,1752372680.798596
cust_000807,4,181.26,45.32,4,0.5,0.0,90.33,0.133,0.114,1752372680.798596
cust_000808,5,173.2,34.64,5,0.4,0.0,57.47,0.167,0.094,1752372680.8001
cust_000809,2,98.59,49.3,2,0.5,0.5,61.96,0.067,0.213,1752372680.8001
cust_000810,3,101.51,33.84,2,0.0,0.0,56.94,0.1,0.077,1752372680.8001
cust_000811,3,321.38,107.13,3,0.0,0.0,168.17,0.1,0.025,1752372680.801106
cust_000812,12,936.04,78.0,7,0.25,0.0,188.23,0.4,0.107,1752372680.801106
cust_000813,7,454.77,64.97,6,0.429,0.0,126.81,0.233,0.094,1752372680.802106
cust_000814,5,205.78,41.16,5,0.2,0.2,52.11,0.167,0.175,1752372680.802106
cust_000815,5,158.78,31.76,5,0.4,0.0,42.19,0.167,0.173,1752372680.802106
cust_000816,4,219.71,54.93,3,0.5,0.0,148.34,0.133,0.166,1752372680.803106
cust_000817,4,177.67,44.42,4,0.25,0.0,77.42,0.133,0.089,1752372680.803106
cust_000818,5,236.62,47.32,4,0.4,0.2,102.66,0.167,0.116,1752372680.804106
cust_000819,5,428.77,85.75,5,0.6,0.0,130.92,0.167,0.124,1752372680.804106
cust_000820,4,94.6,23.65,4,0.5,0.0,43.26,0.133,0.11,1752372680.804106
cust_000821,6,402.45,67.07,4,0.167,0.0,107.1,0.2,0.105,1752372680.805106
cust_000822,1,20.47,20.47,1,0.0,0.0,20.47,0.033,0.005,1752372680.805106
cust_000823,1,99.36,99.36,1,0.0,0.0,99.36,0.033,0.021,1752372680.805106
cust_000824,8,508.8,63.6,4,0.25,0.125,112.8,0.267,0.111,1752372680.806106
cust_000825,5,624.19,124.84,4,0.4,0.0,237.69,0.167,0.112,1752372680.806609
cust_000826,5,556.66,111.33,4,0.2,0.2,168.11,0.167,0.149,1752372680.806609
cust_000827,8,242.91,30.36,6,0.5,0.0,42.89,0.267,0.067,1752372680.807614
cust_000828,7,871.07,124.44,5,0.286,0.143,253.33,0.233,0.134,1752372680.807614
cust_000829,2,57.11,28.56,2,0.5,0.0,47.55,0.067,0.058,1752372680.807614
cust_000830,6,387.73,64.62,5,0.333,0.0,144.61,0.2,0.154,1752372680.807614
cust_000831,6,382.22,63.7,5,0.667,0.0,166.03,0.2,0.254,1752372680.809117
cust_000832,3,94.36,31.45,2,0.333,0.0,43.75,0.1,0.177,1752372680.809117
cust_000833,3,287.95,95.98,3,0.0,0.0,110.5,0.1,0.09,1752372680.809117
cust_000834,2,81.35,40.67,2,0.5,0.0,68.05,0.067,0.061,1752372680.810122
cust_000835,8,1538.07,192.26,7,0.25,0.0,477.66,0.267,0.099,1752372680.810122
cust_000836,8,1181.24,147.66,4,0.25,0.0,623.07,0.267,0.14,1752372680.811126
cust_000837,7,211.25,30.18,5,0.571,0.0,62.32,0.233,0.073,1752372680.811126
cust_000838,6,857.6,142.93,5,0.167,0.167,270.69,0.2,0.103,1752372680.811126
cust_000839,2,173.53,86.76,2,0.5,0.0,121.26,0.067,0.17,1752372680.812126
cust_000840,3,187.25,62.42,2,0.667,0.0,102.07,0.1,0.083,1752372680.812126
cust_000841,4,106.7,26.67,3,0.25,0.25,38.19,0.133,0.111,1752372680.812126
cust_000842,7,344.64,49.23,4,0.429,0.0,137.66,0.233,0.119,1752372680.813126
cust_000843,12,842.37,70.2,7,0.25,0.0,177.13,0.4,0.122,1752372680.813126
cust_000844,7,522.08,74.58,5,0.286,0.0,170.01,0.233,0.081,1752372680.814125
cust_000845,1,8.92,8.92,1,0.0,0.0,8.92,0.033,0.003,1752372680.814125
cust_000846,2,297.75,148.88,2,0.5,0.0,232.32,0.067,0.182,1752372680.814125
cust_000847,2,66.57,33.28,2,0.0,0.0,53.22,0.067,0.009,1752372680.815126
cust_000848,4,199.86,49.96,4,0.25,0.0,84.41,0.133,0.04,1752372680.815126
cust_000849,3,91.07,30.36,2,0.0,0.0,44.45,0.1,0.077,1752372680.816126
cust_000850,13,2180.08,167.7,6,0.231,0.077,428.41,0.433,0.189,1752372680.816629
cust_000851,5,296.33,59.27,3,0.4,0.0,106.13,0.167,0.139,1752372680.816629
cust_000852,6,401.2,66.87,4,0.333,0.333,121.75,0.2,0.288,1752372680.816629
cust_000853,7,407.88,58.27,5,0.571,0.143,138.7,0.233,0.178,1752372680.817634
cust_000854,6,179.96,29.99,4,0.167,0.0,42.44,0.2,0.064,1752372680.817634
cust_000855,7,471.42,67.35,5,0.429,0.0,219.94,0.233,0.094,1752372680.817634
cust_000856,3,254.15,84.72,3,0.0,0.0,109.86,0.1,0.021,1752372680.818634
cust_000857,5,174.29,34.86,4,0.2,0.0,61.76,0.167,0.074,1752372680.818634
cust_000858,4,255.23,63.81,3,0.5,0.0,184.01,0.133,0.068,1752372680.818634
cust_000859,3,165.47,55.16,3,0.0,0.0,70.85,0.1,0.082,1752372680.820137
cust_000860,5,568.22,113.64,4,0.0,0.0,186.83,0.167,0.069,1752372680.820137
cust_000861,0,0.0,0.0,0,0.0,0.0,0.0,0.0,0.1,1752372680.820137
cust_000862,5,566.71,113.34,4,0.6,0.0,295.88,0.167,0.169,1752372680.821143
cust_000863,8,350.95,43.87,4,0.25,0.125,132.35,0.267,0.132,1752372680.821143
cust_000864,2,55.9,27.95,2,0.0,0.0,31.8,0.067,0.108,1752372680.821143
cust_000865,8,622.14,77.77,5,0.25,0.0,170.17,0.267,0.101,1752372680.822143
cust_000866,4,245.48,61.37,4,0.0,0.0,110.66,0.133,0.218,1752372680.822143
cust_000867,6,828.65,138.11,5,0.0,0.0,290.71,0.2,0.102,1752372680.822143
cust_000868,6,260.48,43.41,5,0.5,0.0,139.59,0.2,0.1,1752372680.823143
cust_000869,6,352.83,58.81,5,0.333,0.0,95.17,0.2,0.086,1752372680.823143
cust_000870,4,86.51,21.63,3,0.25,0.0,31.93,0.133,0.035,1752372680.824143
cust_000871,4,222.56,55.64,2,0.25,0.0,79.49,0.133,0.141,1752372680.824143
cust_000872,3,73.51,24.5,3,0.333,0.0,34.67,0.1,0.109,1752372680.824143
cust_000873,7,825.41,117.92,6,0.714,0.286,429.79,0.233,0.19,1752372680.825143
cust_000874,6,507.23,84.54,5,0.167,0.0,168.36,0.2,0.175,1752372680.825143
cust_000875,3,53.52,17.84,3,0.333,0.0,30.95,0.1,0.041,1752372680.826143
cust_000876,6,224.94,37.49,4,0.333,0.0,75.88,0.2,0.149,1752372680.826143
cust_000877,6,468.0,78.0,4,0.167,0.0,178.18,0.2,0.14,1752372680.826647
cust_000878,5,146.1,29.22,5,0.8,0.0,37.91,0.167,0.093,1752372680.826647
cust_000879,9,529.37,58.82,6,0.333,0.111,156.0,0.3,0.135,1752372680.827651
cust_000880,2,59.05,29.52,2,0.0,0.0,37.18,0.067,0.009,1752372680.827651
cust_000881,5,232.87,46.57,3,0.0,0.0,106.27,0.167,0.096,1752372680.827651
cust_000882,4,172.86,43.22,3,0.5,0.0,59.43,0.133,0.114,1752372680.828651
cust_000883,5,652.12,130.42,3,0.4,0.0,231.6,0.167,0.113,1752372680.828651
cust_000884,3,64.32,21.44,2,0.0,0.0,37.98,0.1,0.075,1752372680.828651
cust_000885,4,248.03,62.01,4,0.0,0.0,99.28,0.133,0.018,1752372680.828651
cust_000886,4,175.12,43.78,4,0.0,0.0,57.9,0.133,0.114,1752372680.830154
cust_000887,5,746.47,149.29,4,0.2,0.0,351.69,0.167,0.177,1752372680.830154
cust_000888,2,235.29,117.65,2,0.0,0.0,164.9,0.067,0.026,1752372680.83116
cust_000889,10,797.01,79.7,7,0.3,0.0,217.91,0.333,0.099,1752372680.83116
cust_000890,3,205.17,68.39,3,0.333,0.0,112.24,0.1,0.051,1752372680.83116
cust_000891,6,720.7,120.12,5,0.167,0.167,287.82,0.2,0.132,1752372680.83216
cust_000892,5,153.6,30.72,3,0.8,0.0,54.97,0.167,0.133,1752372680.83216
cust_000893,3,109.71,36.57,3,0.667,0.0,45.33,0.1,0.145,1752372680.83316
cust_000894,6,536.43,89.41,5,0.0,0.0,144.85,0.2,0.026,1752372680.83316
cust_000895,7,404.69,57.81,4,0.143,0.0,97.85,0.233,0.064,1752372680.83316
cust_000896,8,694.87,86.86,6,0.5,0.0,172.13,0.267,0.153,1752372680.83416
cust_000897,2,143.59,71.8,2,0.0,0.0,76.91,0.067,0.017,1752372680.83416
cust_000898,4,168.32,42.08,4,0.0,0.0,68.76,0.133,0.114,1752372680.83416
cust_000899,1,12.06,12.06,1,0.0,0.0,12.06,0.033,0.004,1752372680.83416
cust_000900,2,396.25,198.12,2,0.5,0.0,232.77,0.067,0.092,1752372680.835664
cust_000901,4,414.12,103.53,4,0.5,0.0,180.42,0.133,0.176,1752372680.836174
cust_000902,7,217.77,31.11,6,0.0,0.0,45.12,0.233,0.044,1752372680.836174
cust_000903,6,374.31,62.38,5,0.0,0.0,131.35,0.2,0.12,1752372680.837178
cust_000904,3,281.95,93.98,2,0.667,0.0,207.47,0.1,0.089,1752372680.837178
cust_000905,4,144.68,36.17,3,0.25,0.25,50.74,0.133,0.163,1752372680.837178
cust_000906,6,466.33,77.72,6,0.5,0.0,123.77,0.2,0.107,1752372680.838178
cust_000907,5,99.39,19.88,5,0.4,0.0,34.83,0.167,0.131,1752372680.838178
cust_000908,2,216.62,108.31,2,0.5,0.0,174.79,0.067,0.074,1752372680.838178
cust_000909,3,143.98,47.99,3,0.0,0.0,106.96,0.1,0.014,1752372680.839178
cust_000910,3,124.08,41.36,3,1.0,0.0,57.77,0.1,0.112,1752372680.839178
cust_000911,5,315.01,63.0,5,0.6,0.0,134.65,0.167,0.119,1752372680.840182
cust_000912,4,247.49,61.87,3,0.0,0.0,92.0,0.133,0.018,1752372680.840182
cust_000913,3,116.55,38.85,3,0.0,0.0,71.61,0.1,0.012,1752372680.840182
cust_000914,1,111.27,111.27,1,1.0,0.0,111.27,0.033,0.124,1752372680.841182
cust_000915,6,421.17,70.2,5,0.167,0.0,137.15,0.2,0.105,1752372680.841182
cust_000916,2,123.89,61.94,2,0.5,0.0,79.66,0.067,0.065,1752372680.842182
cust_000917,7,323.81,46.26,4,0.143,0.0,89.36,0.233,0.09,1752372680.842182
cust_000918,5,440.19,88.04,5,0.4,0.0,155.08,0.167,0.144,1752372680.842182
cust_000919,10,841.84,84.18,6,0.3,0.1,223.6,0.333,0.15,1752372680.843182
cust_000920,5,249.48,49.9,4,0.4,0.0,92.0,0.167,0.137,1752372680.843182
cust_000921,7,418.79,59.83,6,0.429,0.0,84.9,0.233,0.093,1752372680.843182
cust_000922,6,399.36,66.56,4,0.5,0.0,130.43,0.2,0.071,1752372680.844182
cust_000923,3,195.38,65.13,3,0.333,0.0,77.37,0.1,0.05,1752372680.844182
cust_000924,7,257.57,36.8,5,0.143,0.0,63.93,0.233,0.088,1752372680.845182
cust_000925,3,316.63,105.54,3,0.0,0.0,245.78,0.1,0.092,1752372680.845182
cust_000926,6,212.98,35.5,5,0.5,0.0,85.69,0.2,0.098,1752372680.845182
cust_000927,2,102.05,51.02,2,0.5,0.0,84.53,0.067,0.063,1752372680.846182
cust_000928,2,743.07,371.54,2,0.0,0.0,673.85,0.067,0.077,1752372680.846686
cust_000929,5,416.58,83.32,4,0.0,0.0,147.89,0.167,0.063,1752372680.846686
cust_000930,3,153.39,51.13,2,0.333,0.0,79.45,0.1,0.048,1752372680.84769
cust_000931,5,242.01,48.4,5,0.2,0.0,88.61,0.167,0.036,1752372680.84769
cust_000932,4,110.71,27.68,4,0.5,0.0,59.15,0.133,0.111,1752372680.84769
cust_000933,4,116.04,29.01,4,0.25,0.0,40.22,0.133,0.036,1752372680.84869
cust_000934,3,224.41,74.8,3,0.667,0.0,103.85,0.1,0.152,1752372680.84869
cust_000935,3,185.57,61.86,3,0.0,0.0,150.21,0.1,0.083,1752372680.84869
cust_000936,3,88.03,29.34,3,0.0,0.0,38.29,0.1,0.077,1752372680.84869
cust_000937,4,773.26,193.32,4,0.75,0.0,591.84,0.133,0.169,1752372680.850194
cust_000938,4,259.64,64.91,3,0.5,0.0,85.74,0.133,0.068,1752372680.850194
cust_000939,3,130.27,43.42,3,0.333,0.0,56.43,0.1,0.113,1752372680.8512
cust_000940,4,276.09,69.02,4,0.5,0.0,98.35,0.133,0.069,1752372680.8512
cust_000941,6,304.47,50.74,4,0.167,0.0,124.09,0.2,0.035,1752372680.8512
cust_000942,4,49.45,12.36,3,0.0,0.0,17.62,0.133,0.058,1752372680.8522
cust_000943,3,95.8,31.93,3,0.667,0.0,62.14,0.1,0.21,1752372680.8522
cust_000944,2,300.05,150.02,2,0.5,0.0,189.23,0.067,0.083,1752372680.8522
cust_000945,10,459.3,45.93,7,0.3,0.1,93.71,0.333,0.143,1752372680.8532
cust_000946,6,374.84,62.47,6,0.0,0.0,118.98,0.2,0.087,1752372680.8532
cust_000947,5,267.8,53.56,5,0.2,0.0,85.02,0.167,0.077,1752372680.8542
cust_000948,5,392.48,78.5,5,0.4,0.0,169.47,0.167,0.102,1752372680.8542
cust_000949,6,367.72,61.29,6,0.167,0.0,107.3,0.2,0.104,1752372680.8542
cust_000950,4,193.11,48.28,4,0.0,0.0,65.57,0.133,0.015,1752372680.8552
cust_000951,4,381.54,95.38,3,0.0,0.0,228.49,0.133,0.074,1752372680.8552
cust_000952,3,86.55,28.85,3,0.0,0.0,46.72,0.1,0.01,1752372680.8562
cust_000953,2,39.69,19.84,2,0.5,0.0,26.05,0.067,0.057,1752372680.8562
cust_000954,3,168.8,56.27,3,1.0,0.0,124.27,0.1,0.115,1752372680.856703
cust_000955,8,489.69,61.21,5,0.25,0.0,133.95,0.267,0.073,1752372680.856703
cust_000956,4,121.59,30.4,4,0.5,0.0,58.7,0.133,0.161,1752372680.857707
cust_000957,5,197.44,39.49,4,0.4,0.4,64.93,0.167,0.255,1752372680.857707
cust_000958,2,36.17,18.08,2,0.5,0.0,27.44,0.067,0.156,1752372680.857707
cust_000959,5,172.13,34.43,4,0.4,0.0,60.52,0.167,0.094,1752372680.858707
cust_000960,2,88.66,44.33,2,0.0,0.0,76.37,0.067,0.012,1752372680.858707
cust_000961,5,238.73,47.75,5,0.2,0.0,92.4,0.167,0.116,1752372680.858707
cust_000962,8,585.42,73.18,6,0.25,0.125,226.68,0.267,0.138,1752372680.858707
cust_000963,5,342.59,68.52,4,0.2,0.2,148.17,0.167,0.14,1752372680.860211
cust_000964,6,291.31,48.55,5,0.333,0.0,126.67,0.2,0.051,1752372680.860211
cust_000965,3,156.96,52.32,3,0.667,0.333,86.32,0.1,0.248,1752372680.861217
cust_000966,4,182.17,45.54,3,0.0,0.0,75.0,0.133,0.064,1752372680.861217
cust_000967,3,546.64,182.21,3,0.0,0.0,281.83,0.1,0.174,1752372680.861217
cust_000968,9,429.24,47.69,7,0.111,0.0,143.92,0.3,0.077,1752372680.861217
cust_000969,5,170.18,34.04,5,0.8,0.0,66.32,0.167,0.133,1752372680.862721
cust_000970,4,210.51,52.63,2,0.0,0.0,82.27,0.133,0.066,1752372680.862721
cust_000971,4,370.69,92.67,3,0.25,0.0,146.85,0.133,0.049,1752372680.862721
cust_000972,4,667.06,166.76,3,0.0,0.0,383.87,0.133,0.089,1752372680.863725
cust_000973,3,152.24,50.75,2,0.0,0.333,66.29,0.1,0.181,1752372680.863725
cust_000974,3,133.22,44.41,3,0.667,0.333,69.69,0.1,0.18,1752372680.864725
cust_000975,8,355.53,44.44,6,0.25,0.0,101.8,0.267,0.045,1752372680.864725
cust_000976,5,191.86,38.37,4,0.4,0.0,63.23,0.167,0.054,1752372680.864725
cust_000977,8,419.46,52.43,5,0.0,0.0,88.5,0.267,0.096,1752372680.864725
cust_000978,8,387.28,48.41,6,0.5,0.0,130.45,0.267,0.17,1752372680.866229
cust_000979,8,226.4,28.3,7,0.5,0.0,45.42,0.267,0.116,1752372680.866229
cust_000980,3,254.63,84.88,2,0.333,0.0,106.11,0.1,0.188,1752372680.866229
cust_000981,8,601.95,75.24,7,0.5,0.0,157.65,0.267,0.126,1752372680.867233
cust_000982,4,402.81,100.7,4,0.0,0.0,303.13,0.133,0.125,1752372680.867233
cust_000983,1,202.94,202.94,1,1.0,0.0,202.94,0.033,0.342,1752372680.868233
cust_000984,7,593.62,84.8,7,0.143,0.0,167.29,0.233,0.069,1752372680.868233
cust_000985,4,160.14,40.03,3,0.25,0.0,69.27,0.133,0.038,1752372680.868233
cust_000986,3,250.94,83.65,3,0.333,0.0,105.81,0.1,0.121,1752372680.869233
cust_000987,4,101.44,25.36,4,0.25,0.0,34.46,0.133,0.085,1752372680.869233
cust_000988,3,74.32,24.77,3,0.333,0.0,32.83,0.1,0.042,1752372680.870237
cust_000989,5,178.88,35.78,4,0.0,0.0,54.79,0.167,0.054,1752372680.870237
cust_000990,7,448.88,64.13,5,0.286,0.0,155.15,0.233,0.079,1752372680.870237
cust_000991,3,564.02,188.01,3,0.333,0.0,221.67,0.1,0.075,1752372680.871237
cust_000992,6,917.95,152.99,4,0.0,0.0,435.32,0.2,0.072,1752372680.871237
cust_000993,6,472.28,78.71,4,0.5,0.0,138.68,0.2,0.14,1752372680.871237
cust_000994,7,391.86,55.98,7,0.429,0.0,109.92,0.233,0.092,1752372680.872237
cust_000995,2,99.51,49.76,2,0.5,0.0,72.36,0.067,0.163,1752372680.872237
cust_000996,7,719.82,102.83,4,0.571,0.0,203.42,0.233,0.173,1752372680.873237
cust_000997,3,269.2,89.73,2,0.667,0.0,133.3,0.1,0.089,1752372680.873237
cust_000998,8,958.93,119.87,6,0.5,0.0,382.3,0.267,0.16,1752372680.873237
cust_000999,3,81.96,27.32,3,0.0,0.0,34.64,0.1,0.009,1752372680.874237
cust_001000,4,198.43,49.61,4,0.25,0.0,91.75,0.133,0.19,1752372680.874237
