customer_id,age,income,credit_score,account_age_days,num_accounts,avg_monthly_balance,customer_segment,is_premium,last_login_days,event_time
cust_000001,52,61234.71,454,1668,2,4962.94,Silver,0,2,1752372680.446518
cust_000002,67,86851.6,413,3410,3,3224.13,Silver,0,1,1752372680.447522
cust_000003,48,21734.4,316,1112,1,341.71,Bronze,0,25,1752372680.447522
cust_000004,36,42979.12,376,3035,1,3857.54,Bronze,0,6,1752372680.447522
cust_000005,46,47691.29,376,2642,1,2217.44,Bronze,0,8,1752372680.447522
cust_000006,59,93604.56,464,64,4,8487.82,Gold,1,5,1752372680.447522
cust_000007,48,77635.22,368,367,4,4039.61,Silver,0,2,1752372680.447522
cust_000008,21,20000.0,300,2725,1,2748.96,Bronze,0,8,1752372680.447522
cust_000009,58,85099.96,431,2118,4,5705.63,Gold,1,7,1752372680.447522
cust_000010,35,66000.11,476,2803,3,8003.42,Silver,0,10,1752372680.447522
cust_000011,67,85763.63,628,1068,1,6680.55,Gold,1,1,1752372680.447522
cust_000012,31,41803.65,422,1050,3,3064.65,Bronze,0,9,1752372680.447522
cust_000013,32,33964.86,419,1081,1,2522.93,Bronze,0,15,1752372680.447522
cust_000014,49,45519.14,393,1526,1,1172.49,Bronze,0,1,1752372680.447522
cust_000015,64,70160.95,316,3326,1,4335.18,Silver,0,20,1752372680.447522
cust_000016,50,66298.78,318,3334,2,3217.92,Silver,0,1,1752372680.447522
cust_000017,61,93099.74,427,1789,3,7990.75,Gold,1,29,1752372680.447522
cust_000018,43,70345.94,349,232,2,9531.67,Silver,0,4,1752372680.447522
cust_000019,44,60338.73,431,3302,2,892.37,Silver,0,6,1752372680.447522
cust_000020,53,33986.73,419,2941,1,5344.4,Bronze,0,3,1752372680.447522
cust_000021,63,76312.98,507,1999,3,8610.46,Gold,1,11,1752372680.447522
cust_000022,58,97277.73,572,2079,5,5105.91,Gold,1,8,1752372680.447522
cust_000023,46,60115.27,456,657,1,2039.38,Silver,0,16,1752372680.447522
cust_000024,41,58861.45,363,1914,1,3336.42,Silver,0,4,1752372680.447522
cust_000025,47,58685.7,345,1557,4,1359.46,Silver,0,3,1752372680.447522
cust_000026,44,38209.71,358,2115,3,2946.44,Bronze,0,3,1752372680.447522
cust_000027,65,100440.58,441,845,2,11102.01,Platinum,1,1,1752372680.447522
cust_000028,52,59530.74,457,1798,3,5890.35,Silver,0,27,1752372680.447522
cust_000029,41,43494.85,364,3424,1,4196.97,Bronze,0,19,1752372680.447522
cust_000030,32,56601.5,469,655,3,5116.9,Silver,0,14,1752372680.447522
cust_000031,58,91323.97,395,1530,2,4465.69,Silver,0,6,1752372680.447522
cust_000032,65,53334.69,470,2589,2,7931.64,Silver,0,0,1752372680.447522
cust_000033,21,73006.96,303,604,4,1057.3,Silver,0,2,1752372680.447522
cust_000034,63,35169.24,457,2341,2,3761.62,Bronze,0,0,1752372680.447522
cust_000035,45,43967.99,510,2733,3,5902.17,Bronze,0,2,1752372680.447522
cust_000036,54,50149.59,417,770,1,1060.07,Silver,0,3,1752372680.447522
cust_000037,39,54144.04,388,1149,3,2851.02,Silver,0,21,1752372680.447522
cust_000038,57,76545.93,519,2867,2,7498.12,Gold,1,1,1752372680.447522
cust_000039,39,34694.58,423,1665,1,2672.4,Bronze,0,3,1752372680.447522
cust_000040,53,95861.35,500,2879,2,14966.59,Gold,1,4,1752372680.447522
cust_000041,74,94277.5,504,2335,1,9529.68,Gold,1,19,1752372680.447522
cust_000042,47,21052.46,464,2457,1,2879.43,Bronze,0,12,1752372680.447522
cust_000043,62,82937.8,391,314,1,2014.55,Silver,0,0,1752372680.447522
cust_000044,53,70619.84,396,2926,3,4397.18,Silver,0,2,1752372680.447522
cust_000045,74,85198.3,500,3477,3,3103.6,Silver,0,9,1752372680.447522
cust_000046,42,20000.0,328,2173,1,3114.06,Bronze,0,13,1752372680.447522
cust_000047,68,71209.64,436,1326,3,3949.21,Silver,0,0,1752372680.447522
cust_000048,48,51774.19,460,1849,4,4107.62,Silver,0,2,1752372680.447522
cust_000049,63,51066.79,479,2646,1,7952.65,Silver,0,25,1752372680.447522
cust_000050,55,73490.37,515,2735,6,3202.31,Silver,0,3,1752372680.447522
cust_000051,21,34580.18,405,1395,5,745.35,Bronze,0,10,1752372680.447522
cust_000052,48,20000.0,480,1911,1,1542.43,Bronze,0,2,1752372680.447522
cust_000053,66,39701.85,486,924,3,6379.19,Bronze,0,3,1752372680.447522
cust_000054,56,81802.88,416,963,4,4861.16,Silver,0,0,1752372680.447522
cust_000055,57,47673.57,393,3614,2,7199.5,Bronze,0,0,1752372680.447522
cust_000056,30,39781.36,420,697,1,1400.28,Bronze,0,7,1752372680.447522
cust_000057,24,24831.59,315,769,3,1423.89,Bronze,0,11,1752372680.447522
cust_000058,24,20000.0,378,1611,1,3145.02,Bronze,0,3,1752372680.447522
cust_000059,56,71021.6,371,1045,4,7272.9,Silver,0,3,1752372680.447522
cust_000060,47,56709.2,472,3200,1,595.34,Silver,0,0,1752372680.447522
cust_000061,50,100230.59,446,3124,5,2884.99,Silver,0,21,1752372680.447522
cust_000062,47,31628.2,430,910,2,1609.03,Bronze,0,0,1752372680.447522
cust_000063,18,24634.74,317,2014,1,2393.23,Bronze,0,14,1752372680.447522
cust_000064,58,49592.34,417,3404,2,5433.61,Bronze,0,11,1752372680.447522
cust_000065,48,76053.05,421,2875,2,9380.85,Gold,1,5,1752372680.447522
cust_000066,48,77321.41,414,571,4,11988.15,Gold,1,4,1752372680.447522
cust_000067,40,20000.0,385,234,1,2002.22,Bronze,0,2,1752372680.447522
cust_000068,51,20000.0,509,2925,1,606.29,Bronze,0,7,1752372680.447522
cust_000069,37,27815.73,379,122,3,3851.09,Bronze,0,2,1752372680.447522
cust_000070,59,66282.8,434,2915,1,5388.13,Silver,0,1,1752372680.447522
cust_000071,45,20000.0,390,2326,1,2344.65,Bronze,0,5,1752372680.447522
cust_000072,45,49418.85,351,366,1,6720.07,Bronze,0,9,1752372680.447522
cust_000073,37,37483.64,371,503,2,4588.56,Bronze,0,0,1752372680.447522
cust_000074,18,47336.98,373,2440,2,3747.84,Bronze,0,5,1752372680.447522
cust_000075,32,25909.16,362,2006,2,2412.01,Bronze,0,1,1752372680.447522
cust_000076,44,49004.32,300,3495,3,4575.79,Bronze,0,6,1752372680.447522
cust_000077,38,81640.76,381,1571,3,7120.92,Gold,1,2,1752372680.447522
cust_000078,34,33658.19,315,2701,1,1274.74,Bronze,0,2,1752372680.447522
cust_000079,45,40381.0,415,1276,4,6570.75,Bronze,0,4,1752372680.447522
cust_000080,44,72317.03,438,223,3,9413.49,Silver,0,1,1752372680.447522
cust_000081,33,20000.0,300,588,2,443.09,Bronze,0,4,1752372680.447522
cust_000082,45,53040.74,429,2336,1,3268.85,Silver,0,1,1752372680.447522
cust_000083,60,60462.16,479,2862,1,5033.55,Silver,0,6,1752372680.447522
cust_000084,28,35735.86,374,1634,3,4433.18,Bronze,0,19,1752372680.447522
cust_000085,52,95602.68,426,902,4,4364.38,Silver,0,7,1752372680.447522
cust_000086,46,52519.11,438,1095,2,4089.3,Silver,0,3,1752372680.447522
cust_000087,18,22969.73,343,2742,1,1615.19,Bronze,0,5,1752372680.447522
cust_000088,70,36218.77,522,2656,2,1100.5,Bronze,0,11,1752372680.447522
cust_000089,54,111413.86,450,2627,4,4536.72,Silver,0,8,1752372680.447522
cust_000090,48,92841.92,421,1171,2,13216.51,Gold,1,0,1752372680.447522
cust_000091,64,67107.25,426,2921,2,6917.87,Silver,0,5,1752372680.447522
cust_000092,36,62361.97,469,1713,1,9489.7,Silver,0,6,1752372680.447522
cust_000093,31,20000.0,377,1014,1,2465.97,Bronze,0,6,1752372680.447522
cust_000094,80,116099.41,528,3479,1,2388.84,Silver,0,0,1752372680.447522
cust_000095,40,42594.37,372,3060,3,4342.58,Bronze,0,3,1752372680.447522
cust_000096,38,46839.84,368,3537,3,3464.43,Bronze,0,13,1752372680.447522
cust_000097,44,72148.35,451,2717,1,5769.67,Silver,0,1,1752372680.447522
cust_000098,44,55866.93,338,739,1,3220.72,Silver,0,10,1752372680.447522
cust_000099,31,28587.36,374,878,2,2114.95,Bronze,0,0,1752372680.447522
cust_000100,22,34013.98,362,1822,1,2423.23,Bronze,0,3,1752372680.447522
cust_000101,36,70577.77,505,1530,3,9254.53,Silver,0,4,1752372680.447522
cust_000102,36,20000.0,432,2191,1,2590.29,Bronze,0,0,1752372680.447522
cust_000103,36,43569.56,343,1931,3,6156.37,Bronze,0,14,1752372680.447522
cust_000104,58,94444.07,335,1888,3,2343.84,Silver,0,11,1752372680.447522
cust_000105,52,42934.83,399,2173,6,3120.45,Bronze,0,2,1752372680.447522
cust_000106,41,57618.88,363,2228,2,8475.95,Silver,0,7,1752372680.447522
cust_000107,52,69238.75,349,3100,2,3515.72,Silver,0,6,1752372680.447522
cust_000108,62,98933.89,345,3327,5,9687.08,Gold,1,29,1752372680.447522
cust_000109,24,33571.07,471,550,2,1650.54,Bronze,0,1,1752372680.447522
cust_000110,18,20000.0,347,834,1,3061.95,Bronze,0,0,1752372680.447522
cust_000111,20,43037.27,453,1431,2,1312.76,Bronze,0,2,1752372680.447522
cust_000112,55,85227.52,389,639,3,13049.63,Gold,1,3,1752372680.447522
cust_000113,50,20000.0,388,3393,2,2817.42,Bronze,0,4,1752372680.447522
cust_000114,47,63609.74,434,2821,2,7214.27,Silver,0,19,1752372680.447522
cust_000115,32,58006.2,352,3035,2,6208.27,Silver,0,4,1752372680.447522
cust_000116,46,32639.57,335,1694,1,3829.61,Bronze,0,3,1752372680.447522
cust_000117,55,55750.66,458,3579,1,1374.62,Silver,0,2,1752372680.447522
cust_000118,59,84274.74,493,1550,1,7933.15,Gold,1,14,1752372680.447522
cust_000119,57,81373.24,502,739,5,9309.39,Gold,1,0,1752372680.447522
cust_000120,60,46980.07,564,420,1,5579.27,Bronze,0,2,1752372680.447522
cust_000121,44,69630.01,410,431,3,4600.95,Silver,0,5,1752372680.447522
cust_000122,45,77377.74,410,1224,3,4507.59,Silver,0,5,1752372680.447522
cust_000123,35,67870.92,433,1479,3,11208.03,Silver,0,0,1752372680.447522
cust_000124,49,52246.69,354,1661,3,6781.87,Silver,0,3,1752372680.447522
cust_000125,79,83743.23,460,3460,3,6894.09,Gold,1,2,1752372680.447522
cust_000126,66,87091.27,495,322,1,972.23,Silver,0,30,1752372680.447522
cust_000127,18,20000.0,300,2071,2,2030.42,Bronze,0,28,1752372680.447522
cust_000128,55,71869.91,477,1115,2,11877.82,Silver,0,1,1752372680.447522
cust_000129,47,68849.03,429,3431,1,4760.75,Silver,0,0,1752372680.447522
cust_000130,80,102305.46,550,756,5,13134.77,Platinum,1,8,1752372680.447522
cust_000131,50,54468.95,381,2060,1,8171.93,Silver,0,13,1752372680.447522
cust_000132,34,20000.0,330,2712,1,2981.04,Bronze,0,21,1752372680.447522
cust_000133,49,67689.14,451,984,2,618.54,Silver,0,8,1752372680.447522
cust_000134,75,87911.84,444,66,2,1792.29,Silver,0,13,1752372680.447522
cust_000135,18,20000.0,402,1621,1,1888.63,Bronze,0,13,1752372680.447522
cust_000136,50,65147.23,506,2413,6,7558.53,Silver,0,6,1752372680.447522
cust_000137,35,56611.24,368,1604,1,7803.56,Silver,0,12,1752372680.447522
cust_000138,32,39485.73,376,1277,1,2369.88,Bronze,0,5,1752372680.447522
cust_000139,40,34359.45,370,3556,3,3727.95,Bronze,0,18,1752372680.447522
cust_000140,34,37071.33,388,760,1,4834.32,Bronze,0,8,1752372680.447522
cust_000141,34,45168.6,482,977,2,534.63,Bronze,0,2,1752372680.448521
cust_000142,33,76310.48,385,599,1,2556.29,Silver,0,4,1752372680.448521
cust_000143,46,81318.27,389,1853,1,9439.35,Gold,1,7,1752372680.448521
cust_000144,58,65551.74,378,50,5,3784.02,Silver,0,2,1752372680.448521
cust_000145,59,88201.93,462,821,3,14256.13,Gold,1,1,1752372680.448521
cust_000146,40,58854.51,420,620,2,656.9,Silver,0,11,1752372680.448521
cust_000147,52,58863.79,503,1905,2,5072.24,Silver,0,0,1752372680.448521
cust_000148,67,47171.91,476,1397,3,3863.13,Bronze,0,7,1752372680.448521
cust_000149,49,59554.33,460,758,3,5027.2,Silver,0,0,1752372680.448521
cust_000150,64,75927.95,392,1139,1,4792.52,Silver,0,10,1752372680.448521
cust_000151,60,73831.71,372,3267,4,2573.14,Silver,0,0,1752372680.448521
cust_000152,28,67987.11,422,1955,3,3783.42,Silver,0,19,1752372680.448521
cust_000153,47,69442.41,440,2460,1,10417.24,Silver,0,5,1752372680.448521
cust_000154,64,72040.94,515,544,1,2471.0,Silver,0,4,1752372680.448521
cust_000155,54,97347.06,422,1296,3,3618.26,Silver,0,10,1752372680.448521
cust_000156,77,88512.91,587,2019,2,14700.77,Gold,1,25,1752372680.448521
cust_000157,28,51285.55,346,2012,1,7252.03,Silver,0,1,1752372680.448521
cust_000158,48,58164.81,438,2101,2,3901.76,Silver,0,30,1752372680.448521
cust_000159,21,73034.74,358,2655,5,4761.79,Silver,0,3,1752372680.448521
cust_000160,71,107926.54,468,2944,5,9659.15,Gold,1,3,1752372680.448521
cust_000161,43,40280.96,388,43,2,4117.41,Bronze,0,1,1752372680.448521
cust_000162,32,51485.6,375,2143,2,5225.72,Silver,0,6,1752372680.448521
cust_000163,23,23947.44,374,659,1,2170.38,Bronze,0,2,1752372680.448521
cust_000164,40,46814.99,455,3377,3,3053.03,Bronze,0,3,1752372680.448521
cust_000165,20,56113.83,431,1685,4,1461.99,Silver,0,2,1752372680.448521
cust_000166,47,59967.7,377,1073,1,6576.49,Silver,0,1,1752372680.448521
cust_000167,47,41108.74,362,2319,2,6537.8,Bronze,0,7,1752372680.448521
cust_000168,69,78328.4,515,2572,2,7253.64,Gold,1,0,1752372680.448521
cust_000169,45,59411.8,388,1044,2,8661.6,Silver,0,1,1752372680.448521
cust_000170,38,67401.35,421,3319,2,3167.19,Silver,0,12,1752372680.448521
cust_000171,50,72140.32,431,2017,2,8127.1,Silver,0,3,1752372680.448521
cust_000172,41,37567.43,408,3321,1,3911.43,Bronze,0,2,1752372680.448521
cust_000173,39,55123.82,364,3482,3,8326.52,Silver,0,14,1752372680.448521
cust_000174,40,67798.0,380,1397,2,4090.05,Silver,0,6,1752372680.448521
cust_000175,62,114567.14,502,1470,2,5077.35,Gold,1,0,1752372680.448521
cust_000176,18,62840.3,405,2919,3,9990.61,Silver,0,13,1752372680.448521
cust_000177,20,35419.42,300,2420,4,1393.1,Bronze,0,0,1752372680.448521
cust_000178,37,64178.57,407,2870,2,2538.22,Silver,0,4,1752372680.448521
cust_000179,37,40453.51,409,2571,1,5480.6,Bronze,0,5,1752372680.448521
cust_000180,80,110366.33,414,1711,5,15937.73,Platinum,1,11,1752372680.448521
cust_000181,36,30089.81,352,981,2,4090.67,Bronze,0,5,1752372680.448521
cust_000182,52,66504.49,402,2968,1,7272.11,Silver,0,5,1752372680.448521
cust_000183,64,84440.26,400,1686,4,11139.07,Gold,1,2,1752372680.448521
cust_000184,52,58101.01,483,3303,3,4384.18,Silver,0,1,1752372680.448521
cust_000185,52,56789.72,544,691,1,6245.67,Silver,0,6,1752372680.448521
cust_000186,18,20000.0,355,2667,1,351.77,Bronze,0,1,1752372680.448521
cust_000187,55,36009.37,389,2714,4,893.66,Bronze,0,9,1752372680.448521
cust_000188,73,52539.08,489,1035,1,5805.79,Silver,0,6,1752372680.448521
cust_000189,19,20000.0,402,1834,1,380.77,Bronze,0,11,1752372680.448521
cust_000190,21,37675.72,300,3331,2,1690.93,Bronze,0,4,1752372680.448521
cust_000191,22,20000.0,349,145,1,1947.27,Bronze,0,22,1752372680.448521
cust_000192,46,68775.12,366,1046,1,5032.09,Silver,0,3,1752372680.448521
cust_000193,18,20014.06,304,315,1,2142.86,Bronze,0,0,1752372680.448521
cust_000194,56,57450.61,447,2861,2,1052.82,Silver,0,0,1752372680.448521
cust_000195,34,22510.2,300,2838,1,1276.51,Bronze,0,3,1752372680.448521
cust_000196,27,82114.86,322,340,1,10907.07,Gold,1,5,1752372680.448521
cust_000197,18,54366.75,300,2755,2,8010.72,Silver,0,14,1752372680.448521
cust_000198,45,68368.82,440,977,3,2234.54,Silver,0,1,1752372680.448521
cust_000199,46,68933.83,418,2330,4,8921.98,Silver,0,1,1752372680.448521
cust_000200,55,20000.0,419,1078,1,552.25,Bronze,0,4,1752372680.448521
cust_000201,21,33722.2,364,572,1,2627.72,Bronze,0,0,1752372680.448521
cust_000202,30,20000.0,395,283,1,1321.86,Bronze,0,3,1752372680.448521
cust_000203,25,42566.58,358,719,1,5039.06,Bronze,0,28,1752372680.448521
cust_000204,22,22727.02,330,1382,2,829.07,Bronze,0,8,1752372680.448521
cust_000205,67,105965.6,429,1433,3,8031.83,Gold,1,0,1752372680.448521
cust_000206,33,42429.85,428,2074,1,3883.95,Bronze,0,4,1752372680.448521
cust_000207,38,26753.86,372,771,1,3443.56,Bronze,0,1,1752372680.448521
cust_000208,29,20000.0,373,2290,2,796.38,Bronze,0,0,1752372680.448521
cust_000209,43,46296.87,440,1970,2,3964.78,Bronze,0,1,1752372680.448521
cust_000210,25,60364.35,324,773,4,9642.31,Silver,0,1,1752372680.448521
cust_000211,49,46386.36,402,271,1,7009.55,Bronze,0,4,1752372680.448521
cust_000212,39,79211.36,462,2803,3,7161.86,Gold,1,1,1752372680.448521
cust_000213,46,92442.57,408,3606,4,1291.0,Silver,0,4,1752372680.448521
cust_000214,46,42617.7,300,3329,1,5582.36,Bronze,0,7,1752372680.448521
cust_000215,38,41278.93,402,3453,1,3117.12,Bronze,0,0,1752372680.448521
cust_000216,34,64970.16,389,389,2,2657.31,Silver,0,0,1752372680.448521
cust_000217,64,87124.6,476,219,3,7269.38,Gold,1,0,1752372680.448521
cust_000218,77,105632.57,484,1341,2,1611.76,Silver,0,0,1752372680.448521
cust_000219,32,48034.01,421,3062,1,2482.57,Bronze,0,18,1752372680.448521
cust_000220,18,29082.38,446,2190,2,3999.55,Bronze,0,13,1752372680.448521
cust_000221,57,52727.09,490,3461,2,889.03,Silver,0,2,1752372680.448521
cust_000222,42,37430.74,440,2937,1,1288.7,Bronze,0,0,1752372680.448521
cust_000223,57,80558.21,439,117,2,10342.01,Gold,1,9,1752372680.448521
cust_000224,22,20000.0,362,52,2,2181.59,Bronze,0,10,1752372680.448521
cust_000225,42,29514.04,382,903,2,3714.98,Bronze,0,11,1752372680.448521
cust_000226,32,74890.52,433,2189,3,9647.66,Silver,0,0,1752372680.448521
cust_000227,33,57965.61,377,2664,3,5090.81,Silver,0,0,1752372680.448521
cust_000228,51,94274.71,367,1959,4,11169.0,Gold,1,0,1752372680.448521
cust_000229,22,59251.68,334,555,2,2608.72,Silver,0,8,1752372680.448521
cust_000230,80,91600.49,454,623,2,5435.0,Gold,1,7,1752372680.448521
cust_000231,51,46651.5,443,2096,2,2812.95,Bronze,0,3,1752372680.448521
cust_000232,37,47346.39,382,2840,4,1695.05,Bronze,0,7,1752372680.448521
cust_000233,25,36683.61,403,631,2,2409.65,Bronze,0,2,1752372680.448521
cust_000234,58,59444.46,472,1930,2,8521.28,Silver,0,1,1752372680.448521
cust_000235,34,20000.0,300,733,1,589.35,Bronze,0,0,1752372680.448521
cust_000236,33,44449.7,467,670,2,773.55,Bronze,0,1,1752372680.448521
cust_000237,40,32013.74,386,2802,1,555.98,Bronze,0,2,1752372680.448521
cust_000238,57,51440.35,388,3321,3,3921.83,Silver,0,13,1752372680.448521
cust_000239,34,36312.78,431,3634,2,2299.67,Bronze,0,16,1752372680.448521
cust_000240,75,88339.81,502,2276,4,7652.54,Gold,1,27,1752372680.448521
cust_000241,51,48934.57,388,400,3,1291.8,Bronze,0,1,1752372680.448521
cust_000242,29,26308.17,325,2404,2,4303.54,Bronze,0,1,1752372680.448521
cust_000243,60,26317.04,439,1663,1,2128.99,Bronze,0,4,1752372680.448521
cust_000244,66,86731.2,503,127,4,11529.78,Gold,1,0,1752372680.448521
cust_000245,46,57563.89,408,2109,1,1980.88,Silver,0,2,1752372680.448521
cust_000246,66,80453.41,537,2453,1,9073.1,Gold,1,1,1752372680.448521
cust_000247,68,87597.36,553,1813,4,2192.85,Silver,0,7,1752372680.448521
cust_000248,75,78472.85,530,2786,2,7156.24,Gold,1,2,1752372680.448521
cust_000249,50,89368.44,486,588,3,7078.32,Gold,1,5,1752372680.448521
cust_000250,53,72601.57,371,2954,4,2927.23,Silver,0,1,1752372680.448521
cust_000251,49,76218.09,410,3043,3,9562.12,Gold,1,2,1752372680.448521
cust_000252,27,38818.27,380,1042,2,1343.48,Bronze,0,14,1752372680.448521
cust_000253,27,33894.96,365,2430,1,4699.03,Bronze,0,1,1752372680.448521
cust_000254,40,57867.88,393,3577,4,3362.44,Silver,0,4,1752372680.448521
cust_000255,42,80119.4,403,1184,3,2100.41,Silver,0,0,1752372680.448521
cust_000256,18,20000.0,424,2623,1,1592.78,Bronze,0,9,1752372680.448521
cust_000257,63,105426.32,507,1704,3,13219.23,Platinum,1,0,1752372680.448521
cust_000258,38,31537.35,410,1713,1,4442.5,Bronze,0,2,1752372680.448521
cust_000259,65,97250.92,362,3292,1,12561.54,Gold,1,3,1752372680.448521
cust_000260,46,64852.25,422,3502,4,9855.76,Silver,0,7,1752372680.448521
cust_000261,30,45002.72,300,2689,1,1293.13,Bronze,0,3,1752372680.448521
cust_000262,18,28045.54,414,1934,1,3519.29,Bronze,0,17,1752372680.448521
cust_000263,55,58290.27,453,1479,5,6283.95,Silver,0,5,1752372680.448521
cust_000264,41,37470.36,497,1173,2,884.97,Bronze,0,1,1752372680.448521
cust_000265,44,49936.4,442,1792,1,6189.9,Bronze,0,6,1752372680.448521
cust_000266,20,24857.95,387,1651,2,517.96,Bronze,0,1,1752372680.448521
cust_000267,46,81237.57,370,2074,2,11848.82,Gold,1,0,1752372680.448521
cust_000268,48,49641.75,422,2515,2,5144.77,Bronze,0,15,1752372680.448521
cust_000269,76,65738.91,532,208,1,5880.85,Silver,0,0,1752372680.448521
cust_000270,71,77868.24,345,2931,2,6479.32,Gold,1,28,1752372680.448521
cust_000271,35,20000.0,381,312,1,1043.25,Bronze,0,24,1752372680.448521
cust_000272,37,44596.11,300,1477,2,3720.61,Bronze,0,6,1752372680.448521
cust_000273,62,76422.36,422,1860,4,11911.27,Gold,1,3,1752372680.448521
cust_000274,56,72263.93,396,885,4,8330.22,Silver,0,0,1752372680.448521
cust_000275,56,66255.69,413,48,4,3797.6,Silver,0,12,1752372680.448521
cust_000276,28,42897.35,338,2927,1,4876.2,Bronze,0,11,1752372680.448521
cust_000277,34,51348.14,440,1166,1,1079.77,Silver,0,3,1752372680.448521
cust_000278,77,92373.09,503,134,5,2462.52,Silver,0,1,1752372680.448521
cust_000279,51,41502.02,424,416,2,422.78,Bronze,0,3,1752372680.448521
cust_000280,70,79429.25,369,2028,1,2208.84,Silver,0,5,1752372680.448521
cust_000281,63,57676.5,491,1491,3,5435.12,Silver,0,13,1752372680.448521
cust_000282,51,34806.12,435,1853,4,2047.32,Bronze,0,6,1752372680.448521
cust_000283,64,42750.16,492,708,2,4727.12,Bronze,0,0,1752372680.448521
cust_000284,61,77553.07,339,943,3,5676.21,Gold,1,2,1752372680.448521
cust_000285,59,103311.66,387,3305,2,3598.55,Silver,0,25,1752372680.448521
cust_000286,36,25705.05,384,1208,1,3981.52,Bronze,0,3,1752372680.448521
cust_000287,20,20000.0,343,2562,2,1353.54,Bronze,0,4,1752372680.448521
cust_000288,27,41515.02,365,2278,2,6663.71,Bronze,0,3,1752372680.448521
cust_000289,21,20000.0,300,2382,1,699.73,Bronze,0,1,1752372680.448521
cust_000290,47,50334.8,460,1407,1,1970.55,Silver,0,0,1752372680.448521
cust_000291,26,20699.22,361,1552,1,2083.15,Bronze,0,57,1752372680.448521
cust_000292,52,70488.0,407,1025,4,6941.99,Silver,0,6,1752372680.448521
cust_000293,38,24483.36,381,2241,2,2502.87,Bronze,0,6,1752372680.448521
cust_000294,36,36107.88,300,2323,1,4820.31,Bronze,0,0,1752372680.448521
cust_000295,35,64463.39,383,3405,1,8239.39,Silver,0,4,1752372680.448521
cust_000296,27,37327.98,300,1640,1,4813.49,Bronze,0,3,1752372680.448521
cust_000297,18,92754.97,416,3051,3,9458.48,Gold,1,11,1752372680.448521
cust_000298,48,63261.22,414,1893,5,9376.28,Silver,0,4,1752372680.448521
cust_000299,79,94845.65,584,712,6,11798.78,Gold,1,5,1752372680.448521
cust_000300,41,50525.43,379,1602,2,6448.36,Silver,0,10,1752372680.448521
cust_000301,62,88166.08,468,3205,3,10330.66,Gold,1,0,1752372680.448521
cust_000302,61,82406.45,353,939,3,13148.76,Gold,1,5,1752372680.448521
cust_000303,38,45611.12,462,3459,1,906.57,Bronze,0,3,1752372680.448521
cust_000304,45,37039.4,362,2372,1,2024.14,Bronze,0,1,1752372680.448521
cust_000305,62,79596.85,374,2858,3,2212.46,Silver,0,15,1752372680.448521
cust_000306,48,20000.0,411,3111,2,2184.12,Bronze,0,5,1752372680.448521
cust_000307,21,28656.13,300,1083,1,887.06,Bronze,0,10,1752372680.448521
cust_000308,29,40488.51,300,3391,1,4373.3,Bronze,0,0,1752372680.448521
cust_000309,32,66420.61,383,3255,4,5464.42,Silver,0,2,1752372680.448521
cust_000310,44,59698.02,353,1727,2,8927.62,Silver,0,3,1752372680.448521
cust_000311,41,68121.07,399,958,4,3309.77,Silver,0,14,1752372680.448521
cust_000312,74,74401.26,428,552,3,1861.23,Silver,0,10,1752372680.448521
cust_000313,38,52795.54,412,2617,3,5743.3,Silver,0,10,1752372680.448521
cust_000314,43,59398.34,337,1153,2,6677.22,Silver,0,4,1752372680.448521
cust_000315,40,59302.51,446,191,3,7415.2,Silver,0,25,1752372680.448521
cust_000316,69,83765.97,446,851,2,4509.95,Silver,0,3,1752372680.448521
cust_000317,18,32380.37,300,2035,3,4044.26,Bronze,0,2,1752372680.448521
cust_000318,27,33902.0,386,570,1,5454.4,Bronze,0,5,1752372680.448521
cust_000319,27,61286.43,408,2181,1,8828.04,Silver,0,5,1752372680.448521
cust_000320,55,63165.88,394,2822,1,3182.55,Silver,0,0,1752372680.448521
cust_000321,59,56155.41,326,2089,1,3133.57,Silver,0,7,1752372680.448521
cust_000322,48,73404.4,451,1509,1,2382.11,Silver,0,16,1752372680.448521
cust_000323,49,63998.63,386,1177,2,10238.72,Silver,0,20,1752372680.448521
cust_000324,80,102741.82,493,2617,3,10937.69,Platinum,1,15,1752372680.448521
cust_000325,38,67294.89,441,2940,2,4238.82,Silver,0,17,1752372680.448521
cust_000326,45,51740.42,313,2636,1,6083.81,Silver,0,8,1752372680.448521
cust_000327,44,71460.27,324,2092,4,11102.87,Silver,0,10,1752372680.448521
cust_000328,34,20000.0,383,3324,1,691.54,Bronze,0,4,1752372680.448521
cust_000329,51,70421.88,425,1192,3,2972.5,Silver,0,0,1752372680.448521
cust_000330,49,44551.37,477,1326,4,1511.69,Bronze,0,4,1752372680.448521
cust_000331,30,58617.05,447,216,6,3987.29,Silver,0,5,1752372680.448521
cust_000332,62,64201.0,466,2533,2,3033.68,Silver,0,3,1752372680.448521
cust_000333,80,62731.88,591,2481,5,8345.13,Silver,0,2,1752372680.448521
cust_000334,40,20000.0,430,2401,4,253.81,Bronze,0,12,1752372680.448521
cust_000335,32,58921.76,327,1633,2,5902.83,Silver,0,5,1752372680.448521
cust_000336,55,50897.82,473,729,3,3655.27,Silver,0,10,1752372680.448521
cust_000337,23,39272.92,314,141,2,769.75,Bronze,0,0,1752372680.448521
cust_000338,29,41222.83,405,2784,1,5739.66,Bronze,0,0,1752372680.448521
cust_000339,58,84891.68,494,319,3,6423.0,Gold,1,0,1752372680.448521
cust_000340,37,55953.53,366,854,2,3674.91,Silver,0,8,1752372680.448521
cust_000341,36,36239.23,381,413,1,4486.88,Bronze,0,23,1752372680.448521
cust_000342,41,66587.47,344,2828,3,10001.87,Silver,0,11,1752372680.448521
cust_000343,32,25529.49,353,3148,3,1802.11,Bronze,0,6,1752372680.448521
cust_000344,32,32031.48,385,1852,2,1631.3,Bronze,0,5,1752372680.448521
cust_000345,56,40093.33,311,1613,1,4869.35,Bronze,0,9,1752372680.448521
cust_000346,40,52666.56,347,1782,1,8547.77,Silver,0,4,1752372680.448521
cust_000347,39,43434.09,370,3519,2,2736.89,Bronze,0,2,1752372680.448521
cust_000348,59,92164.14,492,204,3,7809.0,Gold,1,4,1752372680.448521
cust_000349,56,63594.91,443,1854,3,7627.44,Silver,0,11,1752372680.448521
cust_000350,40,62013.31,401,2416,2,5252.02,Silver,0,0,1752372680.448521
cust_000351,47,63598.53,465,1567,4,6822.32,Silver,0,5,1752372680.448521
cust_000352,67,80394.94,426,3227,2,5910.0,Gold,1,19,1752372680.448521
cust_000353,60,68291.41,368,3134,2,7980.67,Silver,0,2,1752372680.448521
cust_000354,53,61882.04,397,481,4,8167.87,Silver,0,10,1752372680.448521
cust_000355,51,59638.13,440,2399,2,4308.07,Silver,0,9,1752372680.448521
cust_000356,44,43144.85,486,1742,1,2164.88,Bronze,0,1,1752372680.448521
cust_000357,18,27439.17,391,51,1,2815.22,Bronze,0,1,1752372680.448521
cust_000358,25,72314.19,340,432,3,775.63,Silver,0,23,1752372680.450022
cust_000359,57,46034.73,468,774,2,398.34,Bronze,0,1,1752372680.450022
cust_000360,68,77322.22,408,850,4,7837.98,Gold,1,8,1752372680.450022
cust_000361,32,77907.77,389,846,3,9601.35,Gold,1,6,1752372680.450022
cust_000362,41,36372.01,427,1219,1,351.01,Bronze,0,3,1752372680.450022
cust_000363,48,52609.46,405,3372,3,8737.11,Silver,0,1,1752372680.450022
cust_000364,57,108306.83,473,2289,3,1760.3,Silver,0,16,1752372680.450022
cust_000365,43,50157.02,388,975,3,1062.42,Silver,0,21,1752372680.450022
cust_000366,55,75157.54,455,304,2,9988.83,Gold,1,3,1752372680.450022
cust_000367,19,32850.81,328,2586,2,1672.17,Bronze,0,3,1752372680.450022
cust_000368,67,85076.37,495,597,4,11938.5,Gold,1,4,1752372680.450022
cust_000369,27,41272.49,346,92,1,3244.87,Bronze,0,0,1752372680.450022
cust_000370,65,77507.77,357,904,3,10027.16,Gold,1,3,1752372680.450022
cust_000371,26,54264.1,354,674,5,4285.88,Silver,0,11,1752372680.450022
cust_000372,40,89392.31,307,1718,2,12472.13,Gold,1,10,1752372680.450022
cust_000373,53,59900.88,417,2055,2,2697.48,Silver,0,2,1752372680.450022
cust_000374,49,51506.04,465,2502,5,4011.03,Silver,0,6,1752372680.450022
cust_000375,52,45472.38,445,524,2,5711.29,Bronze,0,13,1752372680.450022
cust_000376,31,72234.76,391,1659,1,1557.58,Silver,0,0,1752372680.450022
cust_000377,34,20829.9,363,1766,1,1199.29,Bronze,0,1,1752372680.450022
cust_000378,40,35692.8,345,2195,1,5721.97,Bronze,0,6,1752372680.450022
cust_000379,18,58256.68,420,2407,2,2364.09,Silver,0,2,1752372680.450022
cust_000380,18,74725.99,427,122,2,7788.39,Silver,0,0,1752372680.450022
cust_000381,31,34837.98,322,1378,3,5538.48,Bronze,0,10,1752372680.450022
cust_000382,54,86553.89,449,280,3,10158.54,Gold,1,2,1752372680.450022
cust_000383,63,77640.42,467,2576,1,4156.78,Silver,0,5,1752372680.450022
cust_000384,50,88635.14,428,458,2,6488.86,Gold,1,7,1752372680.450022
cust_000385,24,34256.03,391,2193,2,2321.96,Bronze,0,11,1752372680.450022
cust_000386,51,25468.95,440,1904,1,3152.94,Bronze,0,6,1752372680.450022
cust_000387,31,72141.57,361,3580,2,3087.47,Silver,0,7,1752372680.450022
cust_000388,43,50970.17,400,3225,1,1261.47,Silver,0,0,1752372680.450022
cust_000389,20,68392.79,420,1883,3,7837.81,Silver,0,6,1752372680.450022
cust_000390,80,77587.21,509,1318,2,2595.87,Silver,0,2,1752372680.450022
cust_000391,26,77796.18,401,1810,2,6485.93,Gold,1,8,1752372680.450022
cust_000392,51,46047.32,383,1112,1,4756.56,Bronze,0,13,1752372680.450022
cust_000393,50,75112.08,441,2591,1,5904.64,Gold,1,4,1752372680.450022
cust_000394,69,79366.58,488,2139,2,12462.07,Gold,1,7,1752372680.450022
cust_000395,27,21098.6,390,952,1,1059.86,Bronze,0,7,1752372680.450022
cust_000396,30,53046.0,407,1844,5,2266.56,Silver,0,4,1752372680.450022
cust_000397,36,20000.0,427,2979,1,803.37,Bronze,0,5,1752372680.450022
cust_000398,50,53210.43,497,106,3,5302.13,Silver,0,0,1752372680.450022
cust_000399,62,57774.86,459,394,2,3262.63,Silver,0,2,1752372680.450022
cust_000400,49,55081.63,469,2076,1,3181.76,Silver,0,0,1752372680.450022
cust_000401,29,63267.21,378,3543,4,6346.79,Silver,0,32,1752372680.450022
cust_000402,28,32971.72,444,2151,1,3296.61,Bronze,0,5,1752372680.450022
cust_000403,40,71165.77,470,3292,1,11811.73,Silver,0,27,1752372680.450022
cust_000404,22,56369.15,388,3569,5,8177.84,Silver,0,0,1752372680.450022
cust_000405,48,73047.77,425,2934,2,2415.4,Silver,0,7,1752372680.450022
cust_000406,37,24880.0,400,435,1,2837.86,Bronze,0,12,1752372680.450022
cust_000407,52,90617.34,473,1171,8,1882.27,Silver,0,9,1752372680.450022
cust_000408,52,67884.06,382,2737,1,5115.84,Silver,0,0,1752372680.450022
cust_000409,58,75225.33,455,2596,4,10156.29,Gold,1,15,1752372680.450022
cust_000410,56,62918.88,414,1858,4,8966.13,Silver,0,0,1752372680.450022
cust_000411,37,45070.67,377,1999,2,3764.93,Bronze,0,0,1752372680.450022
cust_000412,33,69639.69,300,2070,3,9382.54,Silver,0,2,1752372680.450022
cust_000413,29,25776.27,346,3150,1,1449.29,Bronze,0,25,1752372680.450022
cust_000414,36,65021.38,466,3291,1,6520.17,Silver,0,4,1752372680.450022
cust_000415,50,41918.91,407,3246,3,5096.13,Bronze,0,2,1752372680.450022
cust_000416,18,20000.0,316,1142,1,2279.51,Bronze,0,10,1752372680.450022
cust_000417,38,66117.8,457,2926,3,6023.58,Silver,0,4,1752372680.450022
cust_000418,47,73938.47,514,3139,4,4458.75,Silver,0,4,1752372680.450022
cust_000419,37,55898.9,403,1046,3,9053.05,Silver,0,18,1752372680.450022
cust_000420,26,20434.6,406,3292,1,769.73,Bronze,0,2,1752372680.450022
cust_000421,35,36217.55,353,3098,2,2430.26,Bronze,0,10,1752372680.450022
cust_000422,57,62903.92,469,856,3,7224.79,Silver,0,1,1752372680.450022
cust_000423,51,56843.83,377,554,3,3862.57,Silver,0,1,1752372680.450022
cust_000424,31,50713.2,300,2026,1,4326.04,Silver,0,17,1752372680.450022
cust_000425,35,32342.14,376,1550,3,4163.53,Bronze,0,5,1752372680.450022
cust_000426,58,77194.74,447,527,3,1015.63,Silver,0,1,1752372680.450022
cust_000427,47,20000.0,438,2791,2,2150.02,Bronze,0,2,1752372680.450022
cust_000428,48,44452.2,444,1836,2,6810.21,Bronze,0,1,1752372680.450022
cust_000429,48,69709.29,354,912,2,9110.22,Silver,0,1,1752372680.450022
cust_000430,51,76710.15,517,3508,3,9741.61,Gold,1,3,1752372680.450022
cust_000431,41,43628.62,311,3250,4,4587.48,Bronze,0,7,1752372680.450022
cust_000432,35,64383.09,366,3220,3,9842.93,Silver,0,2,1752372680.450022
cust_000433,74,76318.86,367,2777,3,1589.88,Silver,0,4,1752372680.450022
cust_000434,53,48596.46,358,2686,2,3271.22,Bronze,0,18,1752372680.450022
cust_000435,49,38046.17,413,1303,1,679.07,Bronze,0,16,1752372680.450022
cust_000436,18,20000.0,384,3312,3,342.75,Bronze,0,0,1752372680.450022
cust_000437,54,43651.64,335,2428,1,5598.99,Bronze,0,2,1752372680.450022
cust_000438,21,20432.32,332,1299,1,767.58,Bronze,0,2,1752372680.450022
cust_000439,63,69822.91,464,3582,1,8123.26,Silver,0,20,1752372680.450022
cust_000440,36,56301.3,356,3126,1,1508.44,Silver,0,5,1752372680.450022
cust_000441,40,66303.25,442,559,1,9717.5,Silver,0,5,1752372680.450022
cust_000442,63,60172.13,527,2215,2,8376.2,Silver,0,11,1752372680.450022
cust_000443,47,40758.92,354,1290,2,6120.04,Bronze,0,10,1752372680.450022
cust_000444,43,72740.62,483,1832,2,2593.18,Silver,0,5,1752372680.450022
cust_000445,50,58894.82,322,1300,1,744.9,Silver,0,5,1752372680.450022
cust_000446,32,22470.05,381,3591,1,3117.25,Bronze,0,12,1752372680.450022
cust_000447,18,23428.01,400,558,1,774.04,Bronze,0,12,1752372680.450022
cust_000448,37,62941.31,380,192,1,4321.36,Silver,0,11,1752372680.450022
cust_000449,38,73078.01,304,2752,1,8467.78,Silver,0,0,1752372680.450022
cust_000450,39,87733.49,332,3106,2,9818.14,Gold,1,6,1752372680.450022
cust_000451,53,60774.49,402,585,1,6403.16,Silver,0,19,1752372680.450022
cust_000452,53,53269.37,433,1968,1,6190.66,Silver,0,19,1752372680.450022
cust_000453,43,49153.61,446,1103,1,3171.66,Bronze,0,3,1752372680.450022
cust_000454,42,77146.93,471,2957,2,7438.4,Gold,1,0,1752372680.450022
cust_000455,46,27653.88,373,165,1,3433.28,Bronze,0,22,1752372680.450022
cust_000456,49,68070.96,405,3605,2,3979.4,Silver,0,2,1752372680.450022
cust_000457,40,40003.42,333,3483,1,5609.03,Bronze,0,5,1752372680.450022
cust_000458,18,25357.41,401,3105,2,1952.87,Bronze,0,2,1752372680.450022
cust_000459,19,38246.37,342,2453,1,1965.85,Bronze,0,0,1752372680.450022
cust_000460,48,90152.67,388,2493,5,4547.18,Silver,0,32,1752372680.450022
cust_000461,46,51272.43,471,2190,1,2035.44,Silver,0,0,1752372680.450022
cust_000462,61,69069.56,490,2961,2,2327.81,Silver,0,1,1752372680.450022
cust_000463,67,69480.23,412,1990,1,2335.04,Silver,0,2,1752372680.450022
cust_000464,41,52216.55,394,1650,3,2348.89,Silver,0,14,1752372680.450022
cust_000465,42,68793.06,309,1042,4,3273.17,Silver,0,8,1752372680.450022
cust_000466,64,95164.1,358,1811,3,4883.78,Silver,0,16,1752372680.450022
cust_000467,57,26455.45,416,1819,1,1149.46,Bronze,0,2,1752372680.450022
cust_000468,35,39580.84,371,119,1,3150.34,Bronze,0,2,1752372680.450022
cust_000469,55,51499.32,424,3394,2,6086.49,Silver,0,5,1752372680.450022
cust_000470,35,33978.72,348,2242,2,1086.11,Bronze,0,2,1752372680.450022
cust_000471,27,20000.0,340,3131,1,2374.35,Bronze,0,1,1752372680.450022
cust_000472,47,32657.36,442,2611,1,1884.96,Bronze,0,0,1752372680.450022
cust_000473,49,44980.65,425,177,3,1488.12,Bronze,0,9,1752372680.450022
cust_000474,50,90028.58,369,3066,2,7086.78,Gold,1,4,1752372680.450022
cust_000475,63,60945.04,557,1660,2,4475.71,Silver,0,3,1752372680.450022
cust_000476,46,72254.24,319,173,2,5517.11,Silver,0,2,1752372680.450022
cust_000477,53,113585.65,430,1401,3,15180.54,Platinum,1,6,1752372680.450022
cust_000478,20,20000.0,346,3397,1,3218.77,Bronze,0,1,1752372680.450022
cust_000479,29,34120.48,366,327,1,3662.63,Bronze,0,9,1752372680.450022
cust_000480,39,56675.02,345,497,2,9418.1,Silver,0,1,1752372680.450022
cust_000481,21,66871.33,421,1741,1,7242.24,Silver,0,3,1752372680.450022
cust_000482,52,38390.89,424,952,3,5219.11,Bronze,0,6,1752372680.450022
cust_000483,55,24864.76,436,1203,1,3021.0,Bronze,0,2,1752372680.450022
cust_000484,49,99031.19,439,1409,4,9938.37,Gold,1,2,1752372680.450022
cust_000485,41,55875.76,387,1808,2,6913.13,Silver,0,2,1752372680.450022
cust_000486,53,78308.34,526,1764,1,10738.2,Gold,1,18,1752372680.450022
cust_000487,43,20000.0,426,2932,2,541.03,Bronze,0,0,1752372680.450022
cust_000488,40,33674.52,457,112,1,771.67,Bronze,0,11,1752372680.450022
cust_000489,46,76486.69,392,2015,3,1787.46,Silver,0,2,1752372680.450022
cust_000490,62,73369.75,459,2131,5,4163.2,Silver,0,3,1752372680.450022
cust_000491,63,97837.06,415,2208,3,9686.04,Gold,1,2,1752372680.450022
cust_000492,39,44521.6,457,3203,1,5871.88,Bronze,0,7,1752372680.450022
cust_000493,33,65964.21,458,1096,1,1860.99,Silver,0,23,1752372680.450022
cust_000494,44,54921.9,355,328,1,7166.73,Silver,0,7,1752372680.450022
cust_000495,33,44104.79,375,3624,1,3846.11,Bronze,0,8,1752372680.450022
cust_000496,42,37245.81,341,1273,3,4616.68,Bronze,0,3,1752372680.451026
cust_000497,37,92280.15,431,1931,4,14271.16,Gold,1,25,1752372680.451026
cust_000498,31,32700.81,415,2193,2,4188.11,Bronze,0,4,1752372680.451026
cust_000499,55,64260.09,403,3641,2,8835.56,Silver,0,4,1752372680.451026
cust_000500,39,50977.06,357,3040,2,3659.04,Silver,0,0,1752372680.451026
cust_000501,41,72199.13,482,2653,2,5807.39,Silver,0,3,1752372680.451026
cust_000502,28,27009.64,384,3086,1,2266.76,Bronze,0,6,1752372680.451026
cust_000503,18,59807.59,312,3026,2,6369.21,Silver,0,8,1752372680.451026
cust_000504,39,35613.8,375,3621,1,4824.85,Bronze,0,5,1752372680.451026
cust_000505,46,42165.81,394,537,3,2831.92,Bronze,0,6,1752372680.451026
cust_000506,57,29173.56,435,3140,1,1170.5,Bronze,0,2,1752372680.451026
cust_000507,24,20000.0,383,2460,3,2453.21,Bronze,0,0,1752372680.451026
cust_000508,29,49719.51,300,2684,2,7460.51,Bronze,0,1,1752372680.451026
cust_000509,52,89627.85,472,873,3,6988.92,Gold,1,7,1752372680.451026
cust_000510,39,39997.69,382,2336,1,3242.25,Bronze,0,9,1752372680.451026
cust_000511,41,25738.43,357,1151,2,3580.37,Bronze,0,6,1752372680.451026
cust_000512,32,53330.91,447,1620,1,7759.45,Silver,0,1,1752372680.451026
cust_000513,41,52184.11,377,2493,3,7352.53,Silver,0,5,1752372680.451026
cust_000514,44,84657.45,341,2200,1,3177.99,Silver,0,1,1752372680.451026
cust_000515,36,45282.91,399,3248,2,1769.47,Bronze,0,4,1752372680.451026
cust_000516,18,51110.89,488,3296,4,1219.06,Silver,0,0,1752372680.451026
cust_000517,47,32265.49,383,1544,2,2575.79,Bronze,0,19,1752372680.451026
cust_000518,46,73699.81,469,449,5,5073.4,Silver,0,5,1752372680.451026
cust_000519,62,101726.99,439,2309,3,16769.91,Platinum,1,0,1752372680.451026
cust_000520,18,31046.37,369,1845,1,2191.3,Bronze,0,1,1752372680.451026
cust_000521,54,86803.77,363,1884,4,12319.88,Gold,1,2,1752372680.451026
cust_000522,80,94247.24,490,2634,2,6898.73,Gold,1,26,1752372680.451026
cust_000523,52,53327.99,481,1913,2,4850.98,Silver,0,0,1752372680.451026
cust_000524,31,49122.41,415,1221,2,4450.75,Bronze,0,39,1752372680.451026
cust_000525,50,45432.05,363,2313,3,1296.26,Bronze,0,3,1752372680.451026
cust_000526,40,24833.4,337,3444,1,1852.03,Bronze,0,3,1752372680.451026
cust_000527,67,116154.05,463,948,2,2239.76,Silver,0,12,1752372680.451026
cust_000528,26,34330.26,300,1485,2,4063.59,Bronze,0,5,1752372680.451026
cust_000529,54,82561.32,419,2420,3,9760.35,Gold,1,1,1752372680.451026
cust_000530,80,75788.71,395,3432,2,918.92,Silver,0,6,1752372680.451026
cust_000531,31,41763.2,417,2970,1,2025.04,Bronze,0,7,1752372680.451026
cust_000532,76,87126.66,388,3227,5,11070.41,Gold,1,17,1752372680.451026
cust_000533,25,42739.12,321,1492,1,3306.55,Bronze,0,6,1752372680.451026
cust_000534,35,33223.35,387,2950,1,738.66,Bronze,0,1,1752372680.451026
cust_000535,22,35882.49,318,1382,2,5204.79,Bronze,0,2,1752372680.451026
cust_000536,21,20000.0,302,172,1,2972.88,Bronze,0,4,1752372680.451026
cust_000537,73,100081.52,500,967,3,10951.66,Platinum,1,2,1752372680.451026
cust_000538,47,22735.33,347,3609,2,1314.74,Bronze,0,3,1752372680.451026
cust_000539,53,68750.78,476,764,4,7884.84,Silver,0,9,1752372680.451026
cust_000540,34,20000.0,391,1635,1,632.89,Bronze,0,1,1752372680.451026
cust_000541,60,43596.09,474,413,2,5549.16,Bronze,0,15,1752372680.451026
cust_000542,45,50217.55,423,2947,2,6683.72,Silver,0,16,1752372680.451026
cust_000543,57,57060.23,440,2672,2,8233.44,Silver,0,13,1752372680.451026
cust_000544,33,33700.36,397,943,3,2951.87,Bronze,0,7,1752372680.451026
cust_000545,29,41582.05,419,1219,1,3279.02,Bronze,0,0,1752372680.451026
cust_000546,35,25117.69,415,856,3,3623.57,Bronze,0,0,1752372680.451026
cust_000547,60,89446.31,389,408,4,3828.7,Silver,0,0,1752372680.451026
cust_000548,57,79094.25,413,1351,2,9680.67,Gold,1,5,1752372680.451026
cust_000549,32,89895.37,409,401,4,13875.09,Gold,1,1,1752372680.451026
cust_000550,50,46380.9,392,1903,2,733.1,Bronze,0,22,1752372680.451026
cust_000551,60,101052.33,404,2636,2,16483.5,Platinum,1,6,1752372680.451026
cust_000552,32,47776.93,300,3450,2,7054.41,Bronze,0,4,1752372680.451026
cust_000553,27,39488.15,376,3195,1,2968.74,Bronze,0,10,1752372680.451026
cust_000554,36,58204.55,365,2711,2,3036.59,Silver,0,0,1752372680.451026
cust_000555,48,70841.8,375,2402,2,4812.45,Silver,0,5,1752372680.451026
cust_000556,61,95624.6,447,1887,1,14650.51,Gold,1,12,1752372680.451026
cust_000557,34,56425.6,401,2174,2,2633.81,Silver,0,0,1752372680.451026
cust_000558,47,76318.53,466,2183,1,1066.05,Silver,0,36,1752372680.451026
cust_000559,63,66035.51,411,324,5,6143.71,Silver,0,0,1752372680.451026
cust_000560,18,20000.0,392,1349,1,2644.58,Bronze,0,15,1752372680.451026
cust_000561,60,66277.53,452,2598,1,4786.42,Silver,0,1,1752372680.451026
cust_000562,19,20492.22,395,2037,1,3389.05,Bronze,0,21,1752372680.451026
cust_000563,46,35671.9,388,980,1,2349.05,Bronze,0,4,1752372680.451026
cust_000564,25,42278.56,447,2014,2,2344.82,Bronze,0,2,1752372680.451026
cust_000565,31,33150.19,352,1940,1,646.48,Bronze,0,16,1752372680.451026
cust_000566,49,70700.03,395,3578,1,2513.18,Silver,0,4,1752372680.451026
cust_000567,35,55393.2,346,2615,5,8251.57,Silver,0,1,1752372680.451026
cust_000568,18,20000.0,300,2891,3,2042.03,Bronze,0,8,1752372680.451026
cust_000569,41,25770.55,413,2950,2,2446.88,Bronze,0,0,1752372680.451026
cust_000570,60,46710.03,344,1332,2,2318.94,Bronze,0,24,1752372680.451026
cust_000571,58,91202.95,445,1943,1,14929.84,Gold,1,3,1752372680.451026
cust_000572,73,71597.7,526,2156,3,6617.47,Silver,0,9,1752372680.451026
cust_000573,53,82890.6,525,2595,2,8519.0,Gold,1,11,1752372680.451026
cust_000574,55,47639.08,408,2151,3,7434.15,Bronze,0,6,1752372680.451026
cust_000575,69,84231.29,418,2264,2,2167.13,Silver,0,15,1752372680.451026
cust_000576,54,91921.26,380,3613,3,9641.35,Gold,1,1,1752372680.451026
cust_000577,34,42092.19,358,2734,1,6008.5,Bronze,0,3,1752372680.451026
cust_000578,33,59413.79,354,2913,2,9580.88,Silver,0,1,1752372680.451026
cust_000579,49,94072.35,433,942,2,14434.85,Gold,1,2,1752372680.451026
cust_000580,59,97519.4,414,764,1,8563.96,Gold,1,6,1752372680.451026
cust_000581,35,49207.38,384,3065,1,6205.95,Bronze,0,17,1752372680.451026
cust_000582,18,20000.0,300,121,1,2793.05,Bronze,0,1,1752372680.451026
cust_000583,46,74493.35,384,2908,7,7044.16,Silver,0,0,1752372680.451026
cust_000584,18,22836.35,423,3638,1,2626.44,Bronze,0,4,1752372680.451026
cust_000585,33,70832.7,330,3334,1,1855.83,Silver,0,6,1752372680.451026
cust_000586,52,54648.86,419,753,1,8824.95,Silver,0,8,1752372680.451026
cust_000587,43,65966.39,453,585,3,7513.52,Silver,0,5,1752372680.451026
cust_000588,44,43433.28,396,2823,2,4923.49,Bronze,0,12,1752372680.451026
cust_000589,27,42445.09,400,3369,3,2433.11,Bronze,0,19,1752372680.451026
cust_000590,67,66185.37,636,3457,1,3987.12,Silver,0,11,1752372680.451026
cust_000591,20,62110.9,416,1827,1,8890.51,Silver,0,0,1752372680.451026
cust_000592,43,82495.98,355,172,2,9917.03,Gold,1,5,1752372680.451026
cust_000593,27,49411.06,400,1671,2,7868.42,Bronze,0,8,1752372680.451026
cust_000594,18,30986.17,383,3339,1,4289.31,Bronze,0,0,1752372680.451026
cust_000595,53,75869.13,394,3015,1,5193.88,Gold,1,6,1752372680.451026
cust_000596,44,57539.66,411,895,1,3471.24,Silver,0,4,1752372680.451026
cust_000597,21,20000.0,368,498,2,435.73,Bronze,0,4,1752372680.451026
cust_000598,35,31794.18,476,3058,2,615.92,Bronze,0,15,1752372680.451026
cust_000599,22,20000.0,388,1609,1,2865.34,Bronze,0,0,1752372680.451026
cust_000600,52,66765.96,398,3395,2,10836.54,Silver,0,5,1752372680.451026
cust_000601,24,47851.35,300,2809,1,6743.84,Bronze,0,1,1752372680.451026
cust_000602,35,47452.62,313,3281,1,7767.38,Bronze,0,4,1752372680.451026
cust_000603,38,76416.96,303,1852,1,5935.11,Gold,1,13,1752372680.451026
cust_000604,26,27582.73,300,3327,2,1741.79,Bronze,0,7,1752372680.451026
cust_000605,63,44030.85,424,372,5,5253.04,Bronze,0,2,1752372680.451026
cust_000606,51,48426.95,523,3376,1,2437.07,Bronze,0,1,1752372680.451026
cust_000607,42,36781.98,333,3283,1,2305.69,Bronze,0,13,1752372680.451026
cust_000608,47,73014.01,556,2975,1,11749.18,Silver,0,3,1752372680.451026
cust_000609,33,48625.02,403,3189,1,676.33,Bronze,0,9,1752372680.451026
cust_000610,47,49752.95,429,1450,3,1448.84,Bronze,0,2,1752372680.451026
cust_000611,56,90547.48,393,1906,2,10729.96,Gold,1,20,1752372680.451026
cust_000612,36,47747.12,392,1290,1,7841.84,Bronze,0,1,1752372680.451026
cust_000613,40,44767.35,373,2413,2,435.28,Bronze,0,3,1752372680.451026
cust_000614,67,27873.64,449,2833,1,3893.43,Bronze,0,1,1752372680.451026
cust_000615,47,67347.9,442,2913,2,7252.18,Silver,0,18,1752372680.451026
cust_000616,42,38719.08,342,250,1,2056.16,Bronze,0,2,1752372680.451026
cust_000617,63,65137.1,498,687,3,3368.56,Silver,0,6,1752372680.451026
cust_000618,42,31747.39,391,463,2,558.41,Bronze,0,2,1752372680.451026
cust_000619,25,35032.14,302,2936,3,384.35,Bronze,0,2,1752372680.451026
cust_000620,19,43723.11,300,2292,1,5153.02,Bronze,0,7,1752372680.451026
cust_000621,43,47235.14,397,718,3,6858.13,Bronze,0,4,1752372680.451026
cust_000622,50,20000.0,380,3521,2,2901.53,Bronze,0,40,1752372680.451026
cust_000623,30,38422.9,355,3347,2,6232.53,Bronze,0,5,1752372680.451026
cust_000624,51,57627.08,327,362,3,5162.72,Silver,0,8,1752372680.451026
cust_000625,62,65156.9,442,1350,1,9736.43,Silver,0,4,1752372680.451026
cust_000626,41,33556.95,441,114,2,529.67,Bronze,0,0,1752372680.451026
cust_000627,39,25484.08,382,2224,2,3286.58,Bronze,0,15,1752372680.451026
cust_000628,55,92681.92,316,1431,2,14109.62,Gold,1,10,1752372680.451026
cust_000629,55,66616.09,433,54,2,6670.91,Silver,0,2,1752372680.451026
cust_000630,35,33483.72,301,1246,2,2358.67,Bronze,0,4,1752372680.451026
cust_000631,32,70669.77,476,1251,2,10766.72,Silver,0,0,1752372680.451026
cust_000632,41,53909.83,426,1070,1,5008.52,Silver,0,8,1752372680.451026
cust_000633,33,58749.31,405,2501,1,9581.85,Silver,0,13,1752372680.451026
cust_000634,40,102230.79,408,2022,2,5633.78,Gold,1,0,1752372680.452026
cust_000635,32,51723.09,395,1332,2,3967.31,Silver,0,10,1752372680.452026
cust_000636,50,91065.51,423,1779,4,11581.54,Gold,1,1,1752372680.452026
cust_000637,40,45267.07,396,1933,4,4456.89,Bronze,0,14,1752372680.452026
cust_000638,24,68631.43,399,961,1,5547.77,Silver,0,3,1752372680.452026
cust_000639,39,61925.47,359,1057,2,9232.69,Silver,0,1,1752372680.452026
cust_000640,26,27128.14,322,845,2,437.8,Bronze,0,3,1752372680.452026
cust_000641,24,20000.0,300,207,1,2585.55,Bronze,0,5,1752372680.452026
cust_000642,43,57442.81,479,1161,2,6675.03,Silver,0,8,1752372680.452026
cust_000643,33,49064.72,357,3587,2,3480.71,Bronze,0,8,1752372680.452026
cust_000644,47,52346.9,473,1469,1,1545.01,Silver,0,21,1752372680.452026
cust_000645,63,44456.64,386,3332,2,5722.4,Bronze,0,8,1752372680.452026
cust_000646,46,58089.99,397,306,4,2706.76,Silver,0,0,1752372680.452026
cust_000647,27,21143.41,436,3425,2,2333.74,Bronze,0,1,1752372680.452026
cust_000648,45,69924.68,347,2847,1,5112.93,Silver,0,2,1752372680.452026
cust_000649,60,87204.27,493,256,5,2168.4,Silver,0,5,1752372680.452026
cust_000650,36,20000.0,467,3158,2,1036.44,Bronze,0,4,1752372680.452026
cust_000651,57,32922.22,432,1169,2,1488.17,Bronze,0,4,1752372680.452026
cust_000652,59,52192.02,405,2493,2,4121.97,Silver,0,5,1752372680.452026
cust_000653,38,20000.0,356,779,2,2597.92,Bronze,0,0,1752372680.452026
cust_000654,32,64702.58,405,78,3,891.36,Silver,0,7,1752372680.452026
cust_000655,43,38900.81,417,711,1,6477.61,Bronze,0,1,1752372680.452026
cust_000656,18,33829.86,301,2591,2,853.51,Bronze,0,7,1752372680.452026
cust_000657,47,62523.8,379,3415,2,4924.76,Silver,0,16,1752372680.452026
cust_000658,47,52917.05,360,1017,4,6606.91,Silver,0,2,1752372680.452026
cust_000659,24,60441.31,382,2174,2,2637.85,Silver,0,3,1752372680.452026
cust_000660,42,59451.38,371,2200,2,6615.73,Silver,0,28,1752372680.452026
cust_000661,43,71937.64,401,239,1,7350.36,Silver,0,12,1752372680.452026
cust_000662,39,48686.12,449,259,3,4455.2,Bronze,0,0,1752372680.452026
cust_000663,43,59602.02,300,1754,3,1035.48,Silver,0,2,1752372680.452026
cust_000664,39,36799.84,403,1474,1,4477.0,Bronze,0,25,1752372680.452026
cust_000665,44,63416.14,426,3191,1,4758.7,Silver,0,12,1752372680.452026
cust_000666,54,59188.03,450,658,2,2876.01,Silver,0,6,1752372680.452026
cust_000667,80,98535.29,512,3372,5,7079.61,Gold,1,20,1752372680.452026
cust_000668,78,70691.61,463,643,1,7000.02,Silver,0,11,1752372680.452026
cust_000669,27,20000.0,300,1594,2,2005.73,Bronze,0,9,1752372680.452026
cust_000670,54,44852.04,452,705,1,5301.29,Bronze,0,2,1752372680.452026
cust_000671,54,93178.03,437,694,1,12768.63,Gold,1,6,1752372680.452026
cust_000672,32,69899.71,412,2583,4,11099.98,Silver,0,2,1752372680.452026
cust_000673,44,49233.84,434,2900,1,2245.18,Bronze,0,4,1752372680.452026
cust_000674,35,55413.99,357,2617,1,2287.68,Silver,0,9,1752372680.452026
cust_000675,51,57356.24,325,2782,2,4546.18,Silver,0,3,1752372680.452026
cust_000676,58,50824.43,363,3316,3,7494.99,Silver,0,1,1752372680.452026
cust_000677,25,47880.76,459,1853,2,1826.55,Bronze,0,2,1752372680.452026
cust_000678,52,60441.64,376,1630,1,4556.37,Silver,0,4,1752372680.452026
cust_000679,55,76932.31,390,2769,3,7185.63,Gold,1,7,1752372680.452026
cust_000680,46,78677.82,488,2116,1,2800.77,Silver,0,3,1752372680.452026
cust_000681,27,39672.03,300,2591,4,4643.91,Bronze,0,1,1752372680.452026
cust_000682,31,39362.16,380,2288,3,3377.12,Bronze,0,1,1752372680.452026
cust_000683,47,43466.34,401,3272,1,6382.35,Bronze,0,9,1752372680.452026
cust_000684,31,40990.49,371,2086,1,365.62,Bronze,0,1,1752372680.452026
cust_000685,24,20000.0,386,2337,1,629.31,Bronze,0,12,1752372680.452026
cust_000686,60,85984.61,384,2703,2,946.79,Silver,0,16,1752372680.452026
cust_000687,56,56587.19,471,1145,1,1223.83,Silver,0,10,1752372680.452026
cust_000688,26,27857.05,351,3390,1,673.9,Bronze,0,2,1752372680.452026
cust_000689,38,73306.55,385,91,2,8839.74,Silver,0,16,1752372680.452026
cust_000690,35,72254.85,435,76,4,8708.57,Silver,0,9,1752372680.452026
cust_000691,38,28403.15,353,1507,2,391.41,Bronze,0,7,1752372680.452026
cust_000692,47,51128.94,454,2265,3,5318.17,Silver,0,6,1752372680.452026
cust_000693,28,34926.48,349,520,2,3089.49,Bronze,0,1,1752372680.452026
cust_000694,52,58687.56,473,2796,1,6898.74,Silver,0,20,1752372680.452026
cust_000695,30,81733.43,313,2490,3,10156.85,Gold,1,1,1752372680.452026
cust_000696,46,65125.06,474,553,2,1257.37,Silver,0,6,1752372680.452026
cust_000697,67,91303.49,463,1918,2,9822.16,Gold,1,3,1752372680.452026
cust_000698,37,48857.53,397,782,4,5966.84,Bronze,0,6,1752372680.452026
cust_000699,24,35308.99,300,2147,2,3015.9,Bronze,0,19,1752372680.452026
cust_000700,41,68623.72,416,973,2,7340.52,Silver,0,4,1752372680.452026
cust_000701,34,59751.29,369,810,3,4112.39,Silver,0,0,1752372680.452026
cust_000702,27,31339.12,411,733,2,5053.67,Bronze,0,1,1752372680.452026
cust_000703,26,52632.02,414,3192,1,3877.61,Silver,0,0,1752372680.452026
cust_000704,55,58020.52,427,3021,1,5382.79,Silver,0,38,1752372680.452026
cust_000705,51,70771.49,402,380,1,809.97,Silver,0,14,1752372680.452026
cust_000706,46,56345.7,421,799,1,9372.91,Silver,0,13,1752372680.452026
cust_000707,49,59877.1,479,3405,1,6401.06,Silver,0,2,1752372680.452026
cust_000708,56,93707.71,408,790,1,13306.13,Gold,1,1,1752372680.452026
cust_000709,36,48482.06,398,408,1,7592.85,Bronze,0,12,1752372680.452026
cust_000710,36,35832.98,412,2803,2,5636.72,Bronze,0,1,1752372680.452026
cust_000711,18,51682.66,362,60,2,6170.01,Silver,0,0,1752372680.452026
cust_000712,44,58444.8,377,3159,1,5502.72,Silver,0,4,1752372680.452026
cust_000713,33,44961.89,381,3005,1,2677.26,Bronze,0,11,1752372680.452026
cust_000714,74,108636.2,486,2992,2,17458.22,Platinum,1,5,1752372680.452026
cust_000715,47,45977.94,446,2464,3,5734.02,Bronze,0,14,1752372680.452026
cust_000716,35,88172.03,409,2093,1,6570.06,Gold,1,13,1752372680.452026
cust_000717,41,44862.3,368,1642,4,2321.29,Bronze,0,2,1752372680.452026
cust_000718,49,75190.72,451,175,3,5716.56,Gold,1,1,1752372680.452026
cust_000719,60,87934.04,447,1206,2,5765.73,Gold,1,3,1752372680.452026
cust_000720,30,91597.03,430,3460,3,1567.25,Silver,0,5,1752372680.452026
cust_000721,55,69750.39,450,355,3,1760.96,Silver,0,1,1752372680.452026
cust_000722,48,57707.18,426,3319,1,4568.32,Silver,0,1,1752372680.452026
cust_000723,56,75382.47,411,2880,3,3710.27,Silver,0,1,1752372680.452026
cust_000724,41,84651.1,394,1119,1,9605.52,Gold,1,1,1752372680.452026
cust_000725,18,28156.45,350,2890,2,4035.36,Bronze,0,1,1752372680.452026
cust_000726,45,50168.47,448,2711,2,2656.48,Silver,0,2,1752372680.452026
cust_000727,21,35289.52,431,3288,3,4218.74,Bronze,0,7,1752372680.452026
cust_000728,53,57432.96,430,2130,1,3964.97,Silver,0,12,1752372680.452026
cust_000729,49,81219.18,393,3628,2,10402.75,Gold,1,5,1752372680.452026
cust_000730,50,58030.31,373,2895,1,8288.58,Silver,0,5,1752372680.452026
cust_000731,50,61543.62,391,3375,1,5504.54,Silver,0,4,1752372680.452026
cust_000732,50,72620.52,429,1756,2,8938.95,Silver,0,4,1752372680.452026
cust_000733,29,53505.96,369,401,1,2555.16,Silver,0,3,1752372680.452026
cust_000734,76,86482.57,393,550,2,9614.93,Gold,1,2,1752372680.452026
cust_000735,18,23608.53,300,1571,1,2295.99,Bronze,0,1,1752372680.452026
cust_000736,38,37839.88,336,436,2,975.23,Bronze,0,3,1752372680.452026
cust_000737,34,41117.2,360,2357,1,6851.89,Bronze,0,0,1752372680.452026
cust_000738,41,33890.27,410,2351,2,671.57,Bronze,0,8,1752372680.452026
cust_000739,56,64521.07,396,2682,3,8597.41,Silver,0,8,1752372680.452026
cust_000740,48,66689.2,449,3576,2,3384.98,Silver,0,5,1752372680.452026
cust_000741,40,52797.15,365,3013,1,3505.61,Silver,0,0,1752372680.452026
cust_000742,63,57077.39,458,1543,2,5704.27,Silver,0,16,1752372680.452026
cust_000743,25,41227.93,415,1293,1,3081.84,Bronze,0,3,1752372680.452026
cust_000744,39,28666.52,419,1343,1,3599.96,Bronze,0,9,1752372680.452026
cust_000745,27,46289.59,400,2870,2,2859.18,Bronze,0,0,1752372680.452026
cust_000746,58,91930.94,334,1820,6,3540.07,Silver,0,4,1752372680.452026
cust_000747,39,68617.35,458,1402,3,3349.47,Silver,0,3,1752372680.452026
cust_000748,63,67286.55,467,3205,3,4651.18,Silver,0,4,1752372680.452026
cust_000749,32,45457.63,430,1807,2,6626.91,Bronze,0,14,1752372680.452026
cust_000750,32,30886.25,361,181,1,344.01,Bronze,0,8,1752372680.452026
cust_000751,45,53527.56,417,450,2,4903.56,Silver,0,11,1752372680.452026
cust_000752,26,45792.09,300,2385,2,2862.59,Bronze,0,1,1752372680.452026
cust_000753,18,42281.52,361,144,2,2758.54,Bronze,0,0,1752372680.452026
cust_000754,36,30450.91,300,950,1,4973.51,Bronze,0,3,1752372680.452026
cust_000755,36,20000.0,451,3354,1,950.3,Bronze,0,7,1752372680.452026
cust_000756,37,69969.65,419,737,4,3554.9,Silver,0,51,1752372680.452026
cust_000757,51,52427.41,320,486,3,975.62,Silver,0,4,1752372680.452026
cust_000758,18,26281.51,300,1146,1,3551.34,Bronze,0,7,1752372680.452026
cust_000759,34,46114.32,392,1076,3,672.09,Bronze,0,9,1752372680.452026
cust_000760,56,72649.73,478,697,5,12014.33,Silver,0,2,1752372680.452026
cust_000761,41,77156.44,470,1342,3,6729.07,Gold,1,2,1752372680.452026
cust_000762,57,91437.23,432,910,6,1103.53,Silver,0,3,1752372680.452026
cust_000763,60,55141.55,405,532,2,4168.28,Silver,0,3,1752372680.452026
cust_000764,35,49858.99,396,253,1,7421.26,Bronze,0,1,1752372680.452026
cust_000765,59,35781.27,443,1445,2,1322.9,Bronze,0,9,1752372680.452026
cust_000766,37,47759.08,304,1554,3,1265.65,Bronze,0,0,1752372680.452026
cust_000767,18,34429.87,350,2767,3,1857.81,Bronze,0,6,1752372680.452026
cust_000768,38,49981.47,364,2901,1,5286.85,Bronze,0,3,1752372680.452026
cust_000769,43,48081.61,444,856,1,6578.31,Bronze,0,0,1752372680.452026
cust_000770,28,24662.72,366,2392,3,1959.16,Bronze,0,11,1752372680.452026
cust_000771,75,99885.83,512,901,2,10202.82,Gold,1,4,1752372680.452026
cust_000772,65,76202.11,382,943,3,3976.57,Silver,0,0,1752372680.452026
cust_000773,29,56762.87,321,1681,2,2466.26,Silver,0,10,1752372680.453026
cust_000774,18,24525.41,342,3113,2,2377.48,Bronze,0,2,1752372680.453026
cust_000775,54,61603.13,444,1343,3,8758.56,Silver,0,9,1752372680.453026
cust_000776,40,38152.98,358,735,4,4760.8,Bronze,0,0,1752372680.453026
cust_000777,59,63531.98,416,602,1,9837.12,Silver,0,14,1752372680.453026
cust_000778,40,37528.4,391,1840,3,2311.59,Bronze,0,5,1752372680.453026
cust_000779,27,54225.29,413,2526,2,524.82,Silver,0,10,1752372680.453026
cust_000780,57,51371.5,499,1492,1,2731.75,Silver,0,14,1752372680.453026
cust_000781,70,111352.77,557,1729,2,12493.8,Platinum,1,2,1752372680.453026
cust_000782,31,49517.67,457,2238,1,7321.97,Bronze,0,0,1752372680.453026
cust_000783,51,67530.11,382,1397,5,5242.18,Silver,0,2,1752372680.453026
cust_000784,24,20000.0,404,618,2,1121.93,Bronze,0,3,1752372680.453026
cust_000785,51,75401.6,395,1209,4,11903.91,Gold,1,1,1752372680.453026
cust_000786,39,20000.0,487,1383,1,1866.72,Bronze,0,19,1752372680.453026
cust_000787,56,60116.88,391,163,3,6118.52,Silver,0,3,1752372680.453026
cust_000788,57,56337.02,382,2947,2,5293.67,Silver,0,11,1752372680.453026
cust_000789,51,53534.48,444,580,3,8327.31,Silver,0,20,1752372680.453026
cust_000790,72,82471.1,430,1340,2,6560.77,Gold,1,9,1752372680.453026
cust_000791,44,85126.57,398,1674,5,12368.11,Gold,1,2,1752372680.453026
cust_000792,52,53060.28,386,3071,2,993.11,Silver,0,9,1752372680.453026
cust_000793,18,46969.79,327,500,1,933.16,Bronze,0,18,1752372680.453026
cust_000794,63,100921.67,432,3483,3,1851.76,Silver,0,0,1752372680.453026
cust_000795,50,81362.05,442,1389,3,905.33,Silver,0,5,1752372680.453026
cust_000796,20,20000.0,381,2119,1,1887.7,Bronze,0,0,1752372680.453026
cust_000797,35,60181.09,439,2877,3,6314.41,Silver,0,3,1752372680.453026
cust_000798,53,86822.98,417,1694,5,3913.9,Silver,0,8,1752372680.453026
cust_000799,49,66151.5,376,667,1,5459.39,Silver,0,6,1752372680.453026
cust_000800,42,81993.92,426,3429,1,13166.4,Gold,1,11,1752372680.453026
cust_000801,22,29589.24,343,1697,2,1079.94,Bronze,0,15,1752372680.453026
cust_000802,53,42548.28,409,1520,4,6297.82,Bronze,0,3,1752372680.453026
cust_000803,36,54770.86,516,597,1,4355.23,Silver,0,12,1752372680.453026
cust_000804,53,44889.6,370,1872,2,7286.3,Bronze,0,5,1752372680.453026
cust_000805,58,124547.19,380,1601,3,4286.38,Silver,0,3,1752372680.453026
cust_000806,55,86994.3,391,1594,3,6594.4,Gold,1,5,1752372680.453026
cust_000807,21,46512.2,424,575,3,6469.8,Bronze,0,2,1752372680.453026
cust_000808,37,20000.0,334,621,1,973.1,Bronze,0,44,1752372680.453026
cust_000809,39,44441.27,400,1863,1,4137.8,Bronze,0,10,1752372680.453026
cust_000810,31,48043.11,439,2786,1,815.02,Bronze,0,7,1752372680.453026
cust_000811,45,84863.37,418,919,4,13811.26,Gold,1,23,1752372680.453026
cust_000812,34,58174.71,357,1597,1,6712.28,Silver,0,3,1752372680.453026
cust_000813,57,69463.92,502,2706,2,7082.82,Silver,0,8,1752372680.453026
cust_000814,22,35983.7,438,907,1,2671.61,Bronze,0,4,1752372680.453026
cust_000815,34,49233.97,387,2830,1,4371.65,Bronze,0,9,1752372680.453026
cust_000816,47,33416.77,373,3446,2,3095.19,Bronze,0,2,1752372680.453026
cust_000817,27,31053.53,390,3520,1,3862.01,Bronze,0,2,1752372680.453026
cust_000818,46,33814.24,353,3213,1,1304.95,Bronze,0,10,1752372680.453026
cust_000819,58,54593.48,400,1920,2,8551.42,Silver,0,0,1752372680.453026
cust_000820,29,39767.64,431,1384,2,6187.22,Bronze,0,3,1752372680.453026
cust_000821,59,70598.02,400,282,1,1010.67,Silver,0,7,1752372680.453026
cust_000822,18,43758.66,318,528,1,6623.38,Bronze,0,0,1752372680.453026
cust_000823,26,68464.53,411,2761,2,10699.75,Silver,0,0,1752372680.453026
cust_000824,62,80399.3,377,2913,3,4257.17,Silver,0,8,1752372680.453026
cust_000825,50,80029.98,362,2165,3,10377.07,Gold,1,4,1752372680.453026
cust_000826,45,76144.68,383,171,2,7462.26,Gold,1,10,1752372680.453026
cust_000827,39,40996.04,381,2341,1,3380.36,Bronze,0,15,1752372680.453026
cust_000828,69,59067.25,545,2254,4,9411.56,Silver,0,7,1752372680.453026
cust_000829,34,38310.86,358,2907,1,1000.98,Bronze,0,0,1752372680.453026
cust_000830,60,109347.8,503,2326,6,4272.26,Silver,0,5,1752372680.453026
cust_000831,37,65835.62,341,301,3,4184.11,Silver,0,8,1752372680.453026
cust_000832,18,20000.0,300,39,1,2134.77,Bronze,0,0,1752372680.453026
cust_000833,51,54647.88,384,2426,2,1331.7,Silver,0,7,1752372680.453026
cust_000834,63,82285.6,393,3124,3,1708.93,Silver,0,3,1752372680.453026
cust_000835,49,93363.85,449,650,1,11609.25,Gold,1,6,1752372680.453026
cust_000836,64,63838.0,486,2075,2,8983.21,Silver,0,2,1752372680.453026
cust_000837,70,35710.88,507,1846,2,5571.69,Bronze,0,0,1752372680.453026
cust_000838,54,86605.98,468,3115,2,12764.85,Gold,1,5,1752372680.453026
cust_000839,44,71502.3,357,318,3,5804.93,Silver,0,0,1752372680.453026
cust_000840,44,45951.6,316,1274,1,4755.3,Bronze,0,0,1752372680.453026
cust_000841,26,37828.3,339,1017,1,6142.77,Bronze,0,1,1752372680.453026
cust_000842,28,36506.62,368,1245,2,3102.91,Bronze,0,7,1752372680.453026
cust_000843,22,52961.69,371,3118,1,3037.54,Silver,0,2,1752372680.453026
cust_000844,52,73028.28,475,772,2,2937.31,Silver,0,22,1752372680.453026
cust_000845,23,48737.5,384,324,2,1217.16,Bronze,0,8,1752372680.453026
cust_000846,40,60663.81,372,2409,2,7157.76,Silver,0,5,1752372680.453026
cust_000847,60,73863.17,416,1581,1,6213.94,Silver,0,1,1752372680.453026
cust_000848,18,36383.34,356,1637,2,3105.44,Bronze,0,9,1752372680.453026
cust_000849,49,80049.56,381,2208,3,1255.21,Silver,0,6,1752372680.453026
cust_000850,50,78853.15,437,539,4,12672.32,Gold,1,15,1752372680.453026
cust_000851,56,56809.07,300,273,1,7103.13,Silver,0,0,1752372680.453026
cust_000852,65,76973.26,509,1126,3,9857.99,Gold,1,2,1752372680.453026
cust_000853,61,62068.47,402,1209,3,3708.28,Silver,0,27,1752372680.453026
cust_000854,40,43918.01,353,737,1,6778.83,Bronze,0,6,1752372680.453026
cust_000855,45,20000.0,454,2678,2,2730.94,Bronze,0,15,1752372680.453026
cust_000856,76,70866.79,436,300,4,6407.3,Silver,0,0,1752372680.453026
cust_000857,36,20000.0,440,3573,3,2871.82,Bronze,0,10,1752372680.453026
cust_000858,37,57846.57,393,1066,1,3250.62,Silver,0,15,1752372680.453026
cust_000859,42,53493.05,370,1382,2,1655.46,Silver,0,8,1752372680.453026
cust_000860,43,65037.18,372,1055,3,6019.59,Silver,0,2,1752372680.453026
cust_000861,46,51086.67,400,1941,1,3986.55,Silver,0,12,1752372680.453026
cust_000862,47,62790.32,444,216,2,959.51,Silver,0,8,1752372680.453026
cust_000863,20,24601.79,375,234,1,3106.48,Bronze,0,0,1752372680.453026
cust_000864,29,39583.73,339,669,1,2339.9,Bronze,0,23,1752372680.453026
cust_000865,42,54860.82,451,3003,2,9079.17,Silver,0,7,1752372680.453026
cust_000866,42,55493.86,452,1862,2,2953.49,Silver,0,20,1752372680.453026
cust_000867,52,79097.98,365,2823,3,12760.01,Gold,1,11,1752372680.453026
cust_000868,44,27390.41,441,1626,2,4190.92,Bronze,0,12,1752372680.453026
cust_000869,59,57473.34,339,276,1,6562.3,Silver,0,25,1752372680.453026
cust_000870,48,41284.41,421,117,2,3822.13,Bronze,0,4,1752372680.453026
cust_000871,39,54668.93,365,727,1,1302.62,Silver,0,6,1752372680.453026
cust_000872,35,20316.23,387,1234,1,3362.78,Bronze,0,10,1752372680.453026
cust_000873,64,76710.45,404,3432,2,6357.32,Gold,1,8,1752372680.453026
cust_000874,18,26566.3,366,1678,1,903.53,Bronze,0,29,1752372680.453026
cust_000875,48,49379.26,438,2452,3,4638.2,Bronze,0,13,1752372680.453026
cust_000876,32,20000.0,351,2010,2,501.39,Bronze,0,8,1752372680.453026
cust_000877,18,33589.12,300,2414,1,3084.29,Bronze,0,3,1752372680.453026
cust_000878,35,30704.88,388,2058,1,4037.93,Bronze,0,12,1752372680.453026
cust_000879,72,108912.99,504,3624,3,1333.5,Silver,0,11,1752372680.453026
cust_000880,40,20000.0,400,2696,2,224.87,Bronze,0,8,1752372680.453026
cust_000881,58,40666.27,422,2843,1,1734.92,Bronze,0,7,1752372680.453026
cust_000882,27,20000.0,453,340,1,1801.09,Bronze,0,2,1752372680.453026
cust_000883,56,76194.77,388,701,2,8960.14,Gold,1,3,1752372680.453026
cust_000884,35,28980.6,300,1313,1,3610.58,Bronze,0,0,1752372680.453026
cust_000885,50,74919.44,392,2263,1,897.72,Silver,0,15,1752372680.453026
cust_000886,36,34857.3,347,1470,1,5322.89,Bronze,0,10,1752372680.453026
cust_000887,68,73798.53,481,481,2,6882.82,Silver,0,4,1752372680.453026
cust_000888,54,79445.87,356,2054,1,4319.02,Silver,0,28,1752372680.453026
cust_000889,43,58936.87,380,2121,2,8298.21,Silver,0,7,1752372680.453026
cust_000890,46,26576.95,454,2874,1,1519.52,Bronze,0,0,1752372680.453026
cust_000891,70,96081.51,457,1935,1,11837.31,Gold,1,0,1752372680.453026
cust_000892,45,37563.26,443,3071,1,6031.07,Bronze,0,6,1752372680.453026
cust_000893,43,56874.67,320,2363,1,2389.59,Silver,0,6,1752372680.453026
cust_000894,29,63233.3,377,2533,2,10253.71,Silver,0,2,1752372680.453026
cust_000895,35,60674.58,331,2589,5,1589.83,Silver,0,6,1752372680.453026
cust_000896,57,57667.36,473,41,3,7065.23,Silver,0,7,1752372680.453026
cust_000897,55,84718.05,471,927,2,2305.86,Silver,0,1,1752372680.453026
cust_000898,37,73798.74,396,1565,1,2902.24,Silver,0,12,1752372680.453026
cust_000899,37,65843.51,410,3121,2,1035.4,Silver,0,10,1752372680.453026
cust_000900,51,77061.3,398,416,1,7629.69,Gold,1,4,1752372680.453026
cust_000901,46,81138.8,457,2488,4,9203.87,Gold,1,0,1752372680.453026
cust_000902,27,39050.05,456,1321,1,5471.09,Bronze,0,2,1752372680.453026
cust_000903,38,55112.52,399,574,2,1930.49,Silver,0,6,1752372680.453026
cust_000904,52,73063.27,437,3537,3,8428.98,Silver,0,8,1752372680.453026
cust_000905,18,25590.72,373,1086,1,991.28,Bronze,0,12,1752372680.453026
cust_000906,37,59755.36,407,2927,3,2686.49,Silver,0,9,1752372680.453026
cust_000907,31,32090.24,337,2700,1,3672.95,Bronze,0,1,1752372680.453026
cust_000908,60,42032.62,489,776,1,6261.45,Bronze,0,12,1752372680.453026
cust_000909,36,47336.89,362,1912,2,4635.62,Bronze,0,1,1752372680.453026
cust_000910,47,61757.92,510,1615,2,4485.73,Silver,0,0,1752372680.453026
cust_000911,37,50768.25,439,3298,2,3048.56,Silver,0,6,1752372680.453026
cust_000912,46,20000.0,368,1663,1,840.83,Bronze,0,9,1752372680.453026
cust_000913,32,50348.58,478,1533,1,1595.05,Silver,0,0,1752372680.453026
cust_000914,42,65772.71,440,3566,1,1695.44,Silver,0,8,1752372680.454026
cust_000915,47,55099.48,447,2146,2,2879.46,Silver,0,7,1752372680.454026
cust_000916,52,79013.86,447,1260,2,4690.1,Silver,0,25,1752372680.454026
cust_000917,45,63617.59,411,1314,1,1068.38,Silver,0,19,1752372680.454026
cust_000918,56,114420.08,476,3333,3,4022.37,Silver,0,6,1752372680.454026
cust_000919,53,98618.51,403,288,5,6192.92,Gold,1,2,1752372680.454026
cust_000920,51,36268.63,479,3553,2,339.71,Bronze,0,4,1752372680.454026
cust_000921,34,20000.0,404,1916,2,3087.31,Bronze,0,3,1752372680.454026
cust_000922,20,32674.46,364,48,1,839.49,Bronze,0,5,1752372680.454026
cust_000923,70,69251.52,529,3187,1,585.75,Silver,0,11,1752372680.454026
cust_000924,42,58660.86,365,3570,3,1998.28,Silver,0,7,1752372680.454026
cust_000925,49,54392.32,384,1242,1,6157.69,Silver,0,1,1752372680.454026
cust_000926,43,39762.49,417,2553,2,4547.5,Bronze,0,22,1752372680.454026
cust_000927,63,116511.41,495,3098,4,2870.04,Silver,0,8,1752372680.454026
cust_000928,46,95372.06,422,862,3,12112.9,Gold,1,6,1752372680.454026
cust_000929,39,82618.5,412,257,2,13047.01,Gold,1,4,1752372680.454026
cust_000930,54,77814.89,420,3354,3,12410.28,Gold,1,6,1752372680.454026
cust_000931,30,53369.62,417,3042,2,1419.06,Silver,0,0,1752372680.454026
cust_000932,35,61491.84,410,73,2,4555.04,Silver,0,6,1752372680.454026
cust_000933,18,20000.0,398,927,3,1289.01,Bronze,0,3,1752372680.454026
cust_000934,18,61588.76,323,3346,3,4773.3,Silver,0,3,1752372680.454026
cust_000935,30,37014.28,475,1952,2,2553.47,Bronze,0,14,1752372680.454026
cust_000936,50,27416.34,505,1608,1,3791.22,Bronze,0,6,1752372680.454026
cust_000937,44,81571.5,466,2348,3,8054.4,Gold,1,3,1752372680.454026
cust_000938,28,55941.98,389,2580,1,2221.12,Silver,0,0,1752372680.454026
cust_000939,22,54450.26,300,164,4,5720.15,Silver,0,14,1752372680.454026
cust_000940,24,35208.28,343,2995,2,594.7,Bronze,0,4,1752372680.454026
cust_000941,59,73517.73,416,2956,3,3816.48,Silver,0,0,1752372680.454026
cust_000942,25,33951.43,453,3460,2,1668.21,Bronze,0,15,1752372680.454026
cust_000943,23,42877.46,400,2782,2,5761.77,Bronze,0,3,1752372680.454026
cust_000944,35,67876.91,389,3139,3,7110.98,Silver,0,10,1752372680.454026
cust_000945,25,20000.0,316,1892,2,418.7,Bronze,0,19,1752372680.454026
cust_000946,49,74179.08,397,1720,2,1733.39,Silver,0,9,1752372680.454026
cust_000947,44,45441.75,386,474,1,3798.86,Bronze,0,3,1752372680.454026
cust_000948,32,59178.89,395,3534,1,8967.2,Silver,0,24,1752372680.454026
cust_000949,26,64012.9,421,1923,4,924.58,Silver,0,14,1752372680.454026
cust_000950,55,51510.77,406,865,2,642.6,Silver,0,8,1752372680.454026
cust_000951,54,69077.82,419,1723,1,968.22,Silver,0,17,1752372680.454026
cust_000952,43,33715.8,307,326,3,1407.39,Bronze,0,8,1752372680.454026
cust_000953,40,22877.76,420,1728,1,2580.52,Bronze,0,1,1752372680.454026
cust_000954,54,77376.95,444,2856,2,3991.38,Silver,0,1,1752372680.454026
cust_000955,58,68073.07,451,1927,3,4928.64,Silver,0,0,1752372680.454026
cust_000956,36,39817.47,391,2667,1,4345.8,Bronze,0,1,1752372680.454026
cust_000957,61,87326.8,564,1703,2,4182.39,Silver,0,2,1752372680.454026
cust_000958,37,25911.01,494,2239,2,2367.47,Bronze,0,11,1752372680.454026
cust_000959,64,48836.5,420,988,3,6684.86,Bronze,0,5,1752372680.454026
cust_000960,40,50746.66,362,791,1,6087.99,Silver,0,4,1752372680.454026
cust_000961,49,49474.76,461,2078,1,1847.37,Bronze,0,7,1752372680.454026
cust_000962,54,83127.33,412,3425,3,13402.49,Gold,1,0,1752372680.454026
cust_000963,18,25294.52,450,1407,1,3076.09,Bronze,0,0,1752372680.454026
cust_000964,21,20000.0,300,727,1,2019.78,Bronze,0,3,1752372680.454026
cust_000965,18,27036.13,325,321,2,2496.11,Bronze,0,3,1752372680.454026
cust_000966,38,41461.88,416,787,2,4191.59,Bronze,0,26,1752372680.454026
cust_000967,58,71445.04,540,1015,3,9658.33,Silver,0,6,1752372680.454026
cust_000968,23,34512.03,300,2911,2,973.06,Bronze,0,10,1752372680.454026
cust_000969,44,48399.92,462,1638,1,1719.2,Bronze,0,5,1752372680.454026
cust_000970,32,61601.32,310,2728,2,3811.41,Silver,0,0,1752372680.454026
cust_000971,55,57017.14,428,2281,3,6627.17,Silver,0,0,1752372680.454026
cust_000972,37,57789.72,386,1715,3,4167.0,Silver,0,0,1752372680.454026
cust_000973,71,91750.24,452,1240,2,8525.27,Gold,1,12,1752372680.454026
cust_000974,34,34988.26,403,1895,2,4046.98,Bronze,0,5,1752372680.454026
cust_000975,23,20000.0,364,1275,1,332.18,Bronze,0,8,1752372680.454026
cust_000976,46,31093.29,387,609,2,1442.19,Bronze,0,7,1752372680.454026
cust_000977,39,45162.72,358,1321,1,2099.66,Bronze,0,19,1752372680.454026
cust_000978,27,20000.0,376,1369,1,2368.12,Bronze,0,0,1752372680.454026
cust_000979,34,21637.83,398,3517,1,406.06,Bronze,0,1,1752372680.454026
cust_000980,67,92144.02,454,1578,3,14581.8,Gold,1,4,1752372680.454026
cust_000981,48,64993.22,429,1869,3,3578.46,Silver,0,9,1752372680.454026
cust_000982,52,59119.43,436,2852,1,3692.72,Silver,0,1,1752372680.454026
cust_000983,50,63281.21,397,1233,1,5054.86,Silver,0,11,1752372680.454026
cust_000984,67,61946.3,462,829,1,9434.12,Silver,0,0,1752372680.454026
cust_000985,62,48593.83,421,2476,2,4951.13,Bronze,0,17,1752372680.454026
cust_000986,70,56626.16,546,3255,1,2091.67,Silver,0,0,1752372680.454026
cust_000987,28,27167.99,300,681,1,3740.28,Bronze,0,0,1752372680.454026
cust_000988,39,26535.6,457,3405,2,3647.38,Bronze,0,4,1752372680.454026
cust_000989,29,49976.37,313,3061,3,5067.65,Bronze,0,13,1752372680.454026
cust_000990,51,56213.78,416,3626,3,7451.23,Silver,0,0,1752372680.454026
cust_000991,63,76555.9,400,1866,2,9228.09,Gold,1,1,1752372680.454026
cust_000992,54,55667.72,373,444,4,8046.22,Silver,0,20,1752372680.454026
cust_000993,42,67046.53,377,2598,2,9319.95,Silver,0,0,1752372680.454026
cust_000994,29,74251.1,368,995,2,7276.38,Silver,0,3,1752372680.454026
cust_000995,32,33333.08,426,2295,2,1226.7,Bronze,0,4,1752372680.454026
cust_000996,20,74860.14,338,1451,6,11198.39,Silver,0,4,1752372680.454026
cust_000997,38,70352.74,446,966,3,2327.68,Silver,0,4,1752372680.454026
cust_000998,64,105395.69,428,128,3,9225.99,Gold,1,1,1752372680.454026
cust_000999,25,20000.0,321,2766,1,1723.13,Bronze,0,25,1752372680.454026
cust_001000,47,78380.81,332,208,5,1454.08,Silver,0,6,1752372680.454026
